Method,nSNP,Min_F,Beta,SE,P,OR,Gene
Wald ratio,1,654.70480384,-0.9586755877938972,0.1869503658079039,2.928854243577917e-07,0.3834003299452471,KLC3
Wald ratio,1,26.824112640000006,4.964698795180722,1.0048586654309546,7.784514810538212e-07,143.26539154749233,TOMM40
IVW,2,243.84696336000007,0.8835762912718732,0.1985588457741613,8.589158150273946e-06,2.419537221924242,FBXW8
IVW,2,142.95550096,0.900941527654592,0.2062368331475831,1.2511414239746443e-05,2.4619199860351557,PANK1
IVW,2,28.709235610000004,2.7889032403640983,0.6509707072089252,1.8337946755098145e-05,16.26317322493002,ARHGAP1
IVW,2,33.59245681000001,-1.3443837167236297,0.3143395645731383,1.895549442698652e-05,0.2607003236120775,CUX1
IVW,2,45.37773769,1.4945196720075518,0.3532154314816868,2.324638522077649e-05,4.457195123009265,RP11-798G7.5
Wald ratio,1,23.59142041,7.305728932902349,1.7429348376603324,2.7696373475771807e-05,1488.8048052203849,CTD-2235C13.1
Wald ratio,1,22.83119524,-5.153551128039847,1.2844222510568832,6.011737588895727e-05,0.0057788468215829,FAM219A
IVW,3,27.10139481,-0.8679922343342767,0.2200866985462093,8.017879468158462e-05,0.4197935507718444,PSMA4
IVW,2,35.36561961000002,3.264624535217192,0.8381709738888192,9.822358080735504e-05,26.170283126259868,AGPHD1
Wald ratio,1,25.88062129,3.931409195447487,1.0106353861576869,0.0001002288774905,50.97876612047757,RP11-1049A21.2
IVW,6,23.66336025,0.7976473122175639,0.2066447542894879,0.0001133902571168,2.220311080053284,HRK
Wald ratio,1,34.38532321,-12.307495352922118,3.222328484455738,0.0001337541395114,4.51775507228868e-06,GHDC
IVW,3,66.92385249,-0.7847395287602325,0.2062663752222663,0.0001420934048173,0.4562385233239706,RASSF2
IVW,2,196.86896100000007,0.9102645807569398,0.2420399372558227,0.0001693686160759,2.484979924283838,PLD1
Wald ratio,1,102.61082209,-6.200505246947096,1.6848225317630334,0.0002330395052194,0.0020284055316497,NABP2
IVW,2,26.30766681,0.813523108523724,0.2253972408633879,0.000307040935056,2.255841577709805,CTD-2616J11.4
IVW,2,67.63088644000001,1.6675522807087524,0.4675700895856841,0.000361888377472,5.299181002084121,LILRB5
Wald ratio,1,278.82654361,-1.4403544115797604,0.4055972955006857,0.0003834886068991,0.2368438036190801,PROS1
IVW,2,22.05993024,-1.2973684402139705,0.3658896038868632,0.0003914350038332,0.2732499212251838,LONRF1
IVW,2,100.45050625000002,-0.8095104628497064,0.2303930887021882,0.0004420685410222,0.4450758940860305,DND1P1
IVW,2,26.73717264,0.4449618982647256,0.1274742437221035,0.0004819329261744,1.560430739581027,RP11-465N4.4
IVW,2,22.932605440000003,-1.5230286308086758,0.4365859633911722,0.0004857450745048,0.2180504914601095,IGSF23
IVW,3,38.01215716000001,-0.6575433571927547,0.1910990339393987,0.0005798871488236,0.5181226145060873,RP11-707O23.5
Wald ratio,1,433.347489,0.7937635394149013,0.231611202382668,0.000609979125117,2.2117046198532444,ELF3
IVW,5,35.30498724,-0.6303639252891879,0.1848221452049868,0.0006480787047782,0.5323980126460781,KANSL1-AS1
Wald ratio,1,886.6518628900001,0.604669288403349,0.1776060611148985,0.0006627238345211,1.830646692675037,SNX1
Wald ratio,1,39.69882049000001,2.643189963019982,0.7778865840303458,0.0006790232072522,14.057976583134703,RP11-111E14.1
Wald ratio,1,28.07728144,14.27507058201857,4.202591152713822,0.0006819603356618,1583377.1838439812,RPL23A
IVW,4,29.07042889,-0.3894913348410298,0.1151289646148282,0.0007167585149807,0.677401357346647,ATG10
Wald ratio,1,23.10051969,3.782171316813349,1.1211114994902525,0.000741946016695,43.91128360640748,RP11-251G23.2
Wald ratio,1,26.672060250000005,3.061562087326944,0.9094181818181818,0.0007612682845743,21.360898703204057,RP11-425D10.10
IVW,3,51.25700835999999,1.460717840769698,0.4350069891602999,0.0007853187890298,4.309051631333338,USP10
IVW,2,31.475466089999998,-1.3311810768164427,0.3983518581152684,0.0008326047387217,0.2641650777307043,RP11-259G18.2
IVW,2,28.11756676,0.6843199432985803,0.2052903371210506,0.0008578379391992,1.9824232168268865,KIF20B
IVW,3,31.75209801,1.2876316047695304,0.3872791854159805,0.0008847725555385,3.624192862049487,DNMBP
IVW,7,35.95441444,0.4003871125378248,0.1207863129295751,0.000916961060237,1.4924023134799174,HP
Wald ratio,1,302.84700625,-0.93326210601925,0.2817550007182876,0.0009252637108871,0.3932687313464776,VIM-AS1
Wald ratio,1,496.62568201,-0.7138251208206381,0.2161166698825673,0.000956693943563,0.4897671911814367,DPAGT1
IVW,2,42.37879801000001,-0.988571417908938,0.2999510746148847,0.0009815039718803,0.3721078981744655,FTCD
Wald ratio,1,29.408929,3.5510064539922555,1.0814115434261478,0.0010246219978407,34.848373127956535,LSM1
IVW,3,54.55004164000001,-0.5795211535566385,0.1765061282683938,0.0010260234016028,0.5601665361077675,LRRC37A2
IVW,2,75.26430024999999,0.6607307201429642,0.2017583768109486,0.0010571382557769,1.936206642802119,MED31
IVW,4,36.13091881,0.3873005470725072,0.1188334634103069,0.0011173176921728,1.4729991303292933,RYBP
IVW,2,29.59251201,-0.7759454195609765,0.2382837215712034,0.0011283748996384,0.4602684284604236,HAS1
Wald ratio,1,36.12851449000001,2.6944432761575188,0.8282788028016703,0.0011416810962388,14.797278461993615,PPIL6
IVW,3,71.24372835999999,-0.8963094946742216,0.2806516484625286,0.0014047530834355,0.4080728793490245,UBR5
Wald ratio,1,326.15637604,-1.1035629408963554,0.3456756885458311,0.0014105640369976,0.3316871940176488,DNM1L
IVW,2,28.538032410000003,-0.3936880522006436,0.1234861077988663,0.0014320301041481,0.6745644523188661,RP11-493L12.4
Wald ratio,1,24.19951249,-8.815365600796861,2.7656560486248045,0.0014353771732602,0.000148434674213,RP11-436I9.6
Wald ratio,1,48.875479210000016,-6.202947747850838,1.94605881763957,0.0014353771732602,0.002023457194924,RP11-118B22.2
Wald ratio,1,99.81608464,1.628040437202226,0.5108351283180526,0.001437481319273,5.093883148265687,H2AFX
IVW,2,57.810170890000016,-7.730649979411452,2.4304819224326355,0.0014691632191439,0.0004391585802798,RBM48
IVW,4,33.91548168999999,1.0584397530429066,0.3355778738529852,0.0016100446223008,2.8818710491367354,SNTB1
IVW,3,37.123430410000005,0.6102845372281027,0.1937426586000789,0.0016328441651012,1.8409551445394092,PTCH1
IVW,4,30.471504010000004,0.3425069495244652,0.1093589677536907,0.0017364873989678,1.4084741418537243,WSB2
Wald ratio,1,29.724304,3.3094875275128395,1.0588061628760088,0.0017739544880912,27.371094943978267,PPIB
Wald ratio,1,53.132436640000016,-2.1013948581462984,0.6772434560719969,0.0019165719714828,0.1222857379785015,RP11-363E7.4
Wald ratio,1,660.71617936,0.6734041564868272,0.2178298579231571,0.0019919987415881,1.9609011862732724,LMNB1
Wald ratio,1,665.30464225,-0.5591215771415279,0.1809273886831953,0.0019994821194984,0.571711047392097,MRPL45P2
IVW,3,44.32230625,0.5895320484036688,0.1908310587241648,0.0020063702313286,1.8031444336258184,ZNF701
IVW,3,30.57979401,0.4900395230126753,0.1597071062530249,0.0021523432825869,1.632380735284942,RNF44
IVW,2,58.95321961,1.045378604920744,0.3419060312480685,0.0022318964982275,2.8444752521389502,DST
Wald ratio,1,123.48765625,-2.100408008998875,0.6898903577052868,0.0023302608601025,0.1224064751196415,RAN
IVW,2,1073.23070404,-0.3751115015709058,0.1232087258705404,0.002330514846589,0.687212649228958,FCRL5
Wald ratio,1,108.89339904,5.3804778058877645,1.7695948328733515,0.0023617473701822,217.1259947227939,NUFIP1
IVW,2,45.914176,-8.519168281700182,2.815910988499064,0.0024833040000296,0.0001996053717846,MZT1
IVW,5,21.91925124,0.2267328528461608,0.0749578058652342,0.002487923048309,1.2544946884856187,CLEC12B
IVW,2,54.21229640999999,-2.8682159370889533,0.9506000412995608,0.0025506344587651,0.0568001713184916,KTI12
Wald ratio,1,53.09599689,-1.9301471173507896,0.6409094377427368,0.0025989582038257,0.1451268462358725,SCARF2
IVW,3,28.62999049,0.8939434294644004,0.2975248874631848,0.0026592987606395,2.4447513721264755,RWDD1
IVW,2,23.346291240000003,1.811942647384396,0.6042643799330543,0.0027122979458551,6.122329414466412,TRIO
Wald ratio,1,213.51638884,1.173975061934548,0.3932147931180794,0.0028303911569562,3.2348257481239173,FDXR
Wald ratio,1,71.25892225,2.055538897115442,0.6933702541017592,0.0030311445510988,7.811046088842129,C1orf138
IVW,2,86.96868048999998,0.4808901992050589,0.162435237365239,0.0030713595383828,1.6175136708639086,RP11-248C1.2
IVW,4,22.75194601,0.3470148518208594,0.1172638125890288,0.0030837247071993,1.414837738131021,GIMAP8
IVW,3,24.521313610000004,2.7837980460948044,0.9413031527024732,0.0031025808263525,16.180358139598543,ANAPC16
IVW,2,50.53361569,-0.8216073321063208,0.2787656065139337,0.0032055661119858,0.439724303193597,REC8
IVW,2,33.61216576,0.8331596183907297,0.2830427287323979,0.0032443735639733,2.300576211714134,USP1
Wald ratio,1,62.59499689000001,-1.7985858665015104,0.6115067305383166,0.0032690492436397,0.1655328082747931,TRAJ31
Wald ratio,1,125.933284,-1.8380220994475136,0.6252047763322046,0.0032834771766088,0.1591318620407571,RP11-219B17.1
IVW,2,207.55300489000007,-0.4341467568400178,0.1477471809011492,0.003298646791334,0.6478171769070132,BOK
Wald ratio,1,26.48955024,-3.108411634413617,1.0605919794823968,0.0033806096306416,0.0446718542546487,TSSC1
Wald ratio,1,37.09540836,2.289053229566873,0.7828539716940859,0.0034558145723919,9.865592806571208,LINC00470
IVW,2,61.00391025000002,-0.4271493049429527,0.1462981417412469,0.0035034835650618,0.6523661434664421,OSGIN2
IVW,4,46.92249999999999,0.4022247842317369,0.137866760135138,0.0035286186421219,1.4951473804607565,IREB2
Wald ratio,1,29.84109129,-4.199016969630403,1.4413578267157263,0.0035770299229171,0.0150103251757547,RASGRP2
IVW,2,28.047616,0.9096210943095692,0.3124876402801909,0.0036038630540953,2.4833813877540294,EPHX4
IVW,4,47.23537984000001,-0.6449414660983062,0.2219125524548544,0.003657463414638,0.5246932535510765,PLIN2
Wald ratio,1,90.85139855999998,1.4871205673758867,0.5124064165512612,0.0037051803059429,4.424337578040465,EXOC6
Wald ratio,1,409.65355201,0.6725108918522326,0.2317450086215841,0.0037085557133709,1.959150364681563,RP11-408H1.3
Wald ratio,1,49.46590224,2.793859978388216,0.965834499232213,0.0038195785462005,16.343985631552915,P2RY1
IVW,3,25.84603921,0.5099665227120725,0.1770947592765339,0.0039814824179691,1.6652354464462296,NPEPPS
Wald ratio,1,290.57634369,-0.914314543331984,0.3177848682705337,0.0040128555578313,0.4007912569958636,UBFD1
IVW,2,22.82832841,-0.9091355374169376,0.3166701827226327,0.0040927591555111,0.4028723416097199,RP11-259G18.1
Wald ratio,1,1069.6301070399998,-0.4262084744933528,0.1486885510561011,0.0041510216171296,0.6529801982139106,DEAF1
IVW,4,23.50601289,0.3241172076252305,0.1132184085694073,0.0041996764632832,1.3828093734243962,CEACAM4
Wald ratio,1,23.67017104,-3.2225712406478664,1.127156499218943,0.0042494216742994,0.0398524561546465,ANKRD31
IVW,2,81.53187025000001,0.5367443527117971,0.1877474073258878,0.0042516066954059,1.710429233419981,ARHGAP5
Wald ratio,1,92.82166336,-7.707445819148052,2.698138130034045,0.0042823287317454,0.0004494680349012,UBA5
IVW,2,110.12823364,-1.0450782726070729,0.3661991661728749,0.0043192629703774,0.3516642926197876,SEMA5A
Wald ratio,1,79.79670241,-1.633162802673264,0.5725215999283547,0.0043366100994979,0.1953108664869389,C19orf73
IVW,2,23.68476889,-0.8147272361011075,0.2858338848410651,0.0043670844689609,0.4427600798577975,LRRC16B
IVW,2,23.03232064,2.134716261718256,0.7500147697415003,0.0044239909101919,8.45464725941234,EHBP1
Wald ratio,1,67.223601,1.659796267837541,0.5834704964020002,0.0044453807729163,5.25823946281667,RP11-754B17.1
IVW,2,36.03240729,1.1098906520592595,0.3905729598168387,0.0044873886024163,3.034026611733984,RP11-397E7.4
Wald ratio,1,55.43695936000001,-2.364859192006017,0.833221499946277,0.0045367051068831,0.0939625301124052,C19orf55
Wald ratio,1,1195.3130728900005,-0.4647127638958386,0.1637912203926151,0.0045507339897561,0.6283155541846349,ACTR1B
IVW,4,29.003610250000005,0.358920401002506,0.1266130468167428,0.0045856948959754,1.4317828285578678,NSUN6
Wald ratio,1,457.91292121,-0.8173082167774979,0.2884555093953427,0.0046056526437916,0.4416187980940471,ZBTB32
IVW,2,24.43720356,-4.070437954811654,1.4382848576587015,0.0046538718230377,0.0170699110205376,PYGM
Wald ratio,1,65.820769,-2.98584962406015,1.055107999506964,0.0046562624553205,0.0504965822070156,ZNF33A
Wald ratio,1,50.67161856000002,-2.5800547875927173,0.9127201056417172,0.0047019286215714,0.0757698526612971,RP1-29C18.9
Wald ratio,1,80.80032320999999,-2.275589671706216,0.8078149272992248,0.0048479192742489,0.1027363098752797,CTD-2521M24.5
Wald ratio,1,26.36617104,-2.6049572719482743,0.9260451039962608,0.0049082904782935,0.0739062950020877,RP11-15N24.4
Wald ratio,1,26.030404000000004,-13.89139631517052,4.946878871030968,0.0049832692182933,9.269220946804772e-07,SREBF1
Wald ratio,1,141.68378961000002,-2.110844233855046,0.7526676412027119,0.0050397214471069,0.1211356564304623,TMEM134
IVW,4,36.39467584000001,-0.2319484685623123,0.0827071756237773,0.0050401880829868,0.7929869860132744,LAMC1
IVW,2,184.37023089,0.6360768369555939,0.2270904804992199,0.0050947020944915,1.8890552511040224,MTRF1
IVW,2,29.72539441,1.626614634284899,0.5811934086057721,0.0051300953822281,5.086625450065523,HS1BP3
IVW,4,30.73815364,-0.5860975794229114,0.2094400006322758,0.0051355951627922,0.5564947293264376,ZNF337
Wald ratio,1,193.45193569,-1.1883922293240925,0.4253074694256113,0.0052029009482414,0.3047107754996759,ALPL
Wald ratio,1,822.1065217600002,0.4664805108745692,0.1669955915793585,0.0052161956524072,1.5943729288454505,RP11-325F22.2
Wald ratio,1,30.29952025,-3.090334816967935,1.1065459169770189,0.0052257874671284,0.0454867221283672,AC002398.5
Wald ratio,1,223.26336400000005,-0.8996338241199303,0.3222857850354704,0.0052477912988779,0.4067185630042922,SETDB1
IVW,5,34.72627041000001,0.3201075715583864,0.1148564540060462,0.005319471400522,1.377275912083763,MFN2
IVW,2,23.912099999999995,0.5088352901795432,0.182646181140137,0.0053378169447606,1.6633527430233417,FAM178A
IVW,2,32.98779225000001,-1.6383587282719996,0.5885133144554457,0.0053710571975367,0.1942986776621859,GALNT12
Wald ratio,1,96.26945689,-1.552366378914969,0.5588630716389617,0.005474139200619,0.2117463084959651,CTD-2270L9.4
Wald ratio,1,356.38643524,-0.9223872085262366,0.3330576855844307,0.0056150710870819,0.3975688276618153,ASAP3
Wald ratio,1,157.43473729,-1.0430774748352234,0.3769631235405226,0.005656531291835,0.3523686061123751,AKAP1
IVW,3,30.73482721,-0.9017464327032652,0.3271166116730031,0.0058396589348181,0.4058602328541445,ACTR10
Wald ratio,1,174.98527524000002,-0.9715412830165856,0.3524623909526617,0.0058434408300322,0.3784992138896424,NAB1
IVW,2,24.91307569,0.4371572275461681,0.1588713688937884,0.0059297195721237,1.5482994932500302,CCDC115
Wald ratio,1,26.677225,5.037899709583737,1.832528092933204,0.005974952843796,154.14592359593067,DONSON
IVW,2,44.64377856000001,-0.612127638738816,0.2227815242842627,0.0060022415983154,0.5421960436779557,AP000347.4
Wald ratio,1,46.62841225,-2.1230654462912795,0.7728122135168778,0.0060107481018902,0.1196642413914358,AL353898.3
IVW,5,22.05617296,-0.2821417150383442,0.1027316989894928,0.006025436546694,0.7541668001827021,HEY1
Wald ratio,1,25.205420250000003,-3.695862165122996,1.346676984364107,0.0060615881822643,0.0248260402868061,CTD-2503O16.2
Wald ratio,1,41.00865444000001,8.289099597114213,3.021508167025828,0.00608130572852,3980.248753139512,CTB-133G6.2
Wald ratio,1,429.90290281000006,2.560117680535928,0.9332034667528368,0.00608130572852,12.937339699033132,CTB-133G6.1
IVW,8,22.19917456,-0.6403145964229775,0.2340743816332347,0.0062282250949758,0.5271265658231508,SYTL2
IVW,5,24.47083024,-0.5065641004524964,0.1852024821794043,0.006234415268477,0.602562369909808,PPM1F
Wald ratio,1,624.99000004,-0.6795368122944985,0.2488331746653973,0.0063162946161121,0.50685170548177,GALK1
Wald ratio,1,133.53189136,-1.226541936377168,0.449947696355014,0.0064113682414732,0.2933050936743345,QPCTL
Wald ratio,1,499.1202810000002,-1.0116703818092296,0.3713205407099055,0.0064394955384201,0.3636111026480887,ACOT7
IVW,3,22.40886244,0.5268554339213098,0.1935746104448283,0.00649436035702,1.6935982946858743,FOXN2
Wald ratio,1,218.00227201,-1.5421426491205494,0.5668732602320368,0.0065195812769354,0.2139222497032111,ATF6B
IVW,2,25.10711449,-0.3119312255077998,0.1147624945496444,0.0065666137397812,0.732031871617367,CMSS1
Wald ratio,1,136.69351056,-1.2214609805330323,0.4494242704163673,0.0065710611812721,0.2947991563230877,LZTS2
IVW,2,25.04902401,1.7126190088210138,0.6310483987817209,0.0066490905131286,5.543460855216002,RORC
Wald ratio,1,121.75136281,-1.4527017155907591,0.5355518800808402,0.0066771295276879,0.2339374012144677,PTPN18
IVW,3,24.23789824,-5.01558323574455,1.8520528082006085,0.0067665332847597,0.0066337618616705,GRSF1
IVW,2,25.27877284,1.0478634094037542,0.3882358401603611,0.0069540168769643,2.8515520055304138,RP11-737O24.3
Wald ratio,1,88.90038368999998,-1.4176926829785654,0.5262258211630447,0.0070583936292858,0.242272371665563,KLHL8
IVW,2,42.65918596,-1.5607863724264368,0.5802450697008844,0.0071478910991225,0.2099708909436845,AC105344.2
IVW,4,38.64362896,0.2557097962742511,0.0952759149441505,0.0072771682465546,1.2913779108745946,OXLD1
Wald ratio,1,189.92422969000003,-0.908424749479367,0.3389211032340926,0.0073546792899779,0.4031588002041132,RP11-15A1.3
Wald ratio,1,120.92741089000002,1.3659853410568623,0.509776642083534,0.007371543024653,3.919583276189525,C11orf49
IVW,3,24.22214656,-0.9513475265543764,0.3551389407651128,0.0073885683863346,0.3862202306256185,MAPK13
Wald ratio,1,125.55874808999998,-2.177943651664837,0.8131149545304455,0.0073948591795702,0.113274222569621,RP4-694B14.5
IVW,2,48.48197641,-0.4724305429369403,0.1764698500704752,0.0074258563791049,0.6234850180518052,ICA1L
IVW,2,79.92896409000001,0.4422497283061526,0.1652016428465617,0.0074278018254165,1.5562043201813134,DAPP1
IVW,4,45.268675240000015,0.3088067030647471,0.1154581237409613,0.0074813810568934,1.3617991134657894,DLL1
Wald ratio,1,57.65061184000002,2.182194947845327,0.818343325255505,0.0076622629984304,8.865744765032108,RP11-498D10.6
Wald ratio,1,78.021889,2.524343484659798,0.9469990943054456,0.0076845593311589,12.48269749052973,APOM
Wald ratio,1,74.04774601,2.591198940163391,0.9720796969239172,0.0076845593311589,13.34576278605982,NEU1
IVW,3,23.01792529,-0.7527802417944393,0.2825402562739911,0.0077142040156101,0.471055083454427,AC008592.3
IVW,2,232.72112704,0.5201606425334873,0.1953441927333587,0.0077495666954718,1.6822978765863144,CWC15
IVW,3,22.06462729,-0.4674993960993656,0.1756108123921686,0.0077647116087216,0.626567107098283,ADO
IVW,3,23.43237649,-0.4202958632556149,0.1581371239357597,0.007865400659315,0.6568524525583374,CTC-484P3.1
IVW,2,36.99558976,-0.6329688792563175,0.2381613799508315,0.007866866014945,0.5310129451327313,GCM1
Wald ratio,1,98.21801025000002,-1.4217549064123909,0.5354494324201604,0.0079248422496098,0.2412902034040954,RP11-1079K10.3
IVW,4,30.051227610000005,0.2540693910645831,0.0957228539745429,0.007949228249416,1.2892612643755632,SRR
IVW,4,27.099312490000003,-0.4686225008463356,0.1766673413703763,0.0079881547546378,0.6258638016227916,C4B
IVW,4,33.02685961,-0.447327266568268,0.1687424931504806,0.008026663221172,0.6393346411796129,C2orf42
IVW,2,35.98320196000001,1.5638371687977497,0.5905816823373725,0.0080978904462107,4.777116724506712,IGSF9
IVW,2,22.48277056,0.789926262787338,0.2986059983536984,0.0081599282747824,2.2032339599350554,SH3BGRL3
Wald ratio,1,23.19096649,15.710994040326431,5.95638557219096,0.0083477172963153,6655765.572109118,KIRREL2
Wald ratio,1,72.59892025,-1.4941366586467928,0.567245607652133,0.0084380349554189,0.2244422914212325,ACE
Wald ratio,1,22.45717321,-3.672248665302074,1.3944090822764776,0.0084496924856687,0.0254192462552698,IGHV3-15
IVW,2,39.64591225,1.081814971627643,0.4109639862767728,0.008478800184648,2.9500289139056446,GOLPH3L
Wald ratio,1,27.888961,-3.067276046203371,1.1666903995455409,0.0085626219844725,0.0465477763156565,ATP2B1
Wald ratio,1,250.83274129,-0.8523414637226365,0.3253208862397949,0.0087929179049346,0.4264153261181411,NUP160
Wald ratio,1,35.334702490000005,-2.2302627727402724,0.8513354642262335,0.0088001313345527,0.1075001783076187,IGLV1-36
IVW,2,28.73174404,0.4926153154393111,0.1881638935576071,0.0088443716656774,1.636590829056373,MYRF
Wald ratio,1,431.16030735999993,-0.6470677698368361,0.247236414247462,0.0088653721560425,0.5235787815973032,NAGLU
Wald ratio,1,137.44279695999998,1.0683218806509946,0.4082084342693371,0.0088680619758929,2.9104912479107234,ARHGAP5-AS1
Wald ratio,1,264.44939161,0.922688628020096,0.3525936575676888,0.0088742443590164,2.5160460160024614,EARS2
Wald ratio,1,60.74799481,-4.13012252857931,1.579497927919837,0.0089271220492217,0.0160809083310183,SAMD8
Wald ratio,1,34.406436490000004,2.0814077092248158,0.7971415176364287,0.0090254315478564,8.01574481375853,RP11-580I16.2
Wald ratio,1,51.337225,1.8268290300069785,0.7005598046057222,0.0091160698679766,6.214150498912929,HS3ST3A1
IVW,2,23.849548960000003,0.552852060136024,0.2120157760925933,0.009117978212592,1.738203415765904,CERS2
Wald ratio,1,39.18384409,-2.4253804495423106,0.9301827244117132,0.009122640829823,0.0884444639846247,PTPN9
IVW,3,24.51141081,0.6361178872193164,0.2440564129778027,0.0091489409323441,1.8891327989119349,TMEM255B
IVW,3,64.754209,0.2337841364662694,0.0897958874763508,0.0092275638541627,1.2633717468812549,SYNM
IVW,2,37.72293560999999,-0.5381431136203627,0.2067204720654933,0.0092347136668569,0.5838313549545813,ASLP1
Wald ratio,1,110.02751236,1.3264728201803726,0.5095961446793906,0.0092415098011664,3.7677304599819466,RER1
IVW,2,373.09626649,-0.5926684525524597,0.2276984564544123,0.0092448219106062,0.5528500605046075,MAP10
IVW,2,27.50163364,1.46518472447008,0.5634091980089257,0.0093069189929693,4.328342717271792,SLC35E4
Wald ratio,1,1019.51851401,0.3966418811208303,0.1526796576249847,0.0093804037357081,1.4868233751773792,TMEM194B
IVW,2,37.64804164,1.9363527521579416,0.7475097773249655,0.0095863193115057,6.933416909060584,HCP5
IVW,2,190.80173161,-0.5516873654799794,0.2132707339289679,0.0096873606252316,0.5759771060713972,CSTF3
Wald ratio,1,287.00086921,-0.7625155155214244,0.2948556115010241,0.009707887116479,0.4664914832680955,GOLGA4
IVW,4,42.97982481000002,0.4251836067837487,0.1644768301879104,0.0097360109088815,1.5298712886247203,CYB5R3
IVW,5,21.99234816,0.4064367189693864,0.1572553787945406,0.0097501976632063,1.501458124541945,WWOX
IVW,3,25.392528810000005,0.6994412211897144,0.2707658431713355,0.0097889716522137,2.0126277794506278,TRIP6
IVW,3,27.31943824,-2.145081691073722,0.8310814533460167,0.0098493823842087,0.1170584740210938,PVR
Wald ratio,1,167.89939775999997,-0.9725270729147372,0.3768639254182873,0.0098634830299804,0.3781262770370238,MIB2
IVW,3,28.41636249,0.3776984985148839,0.1465701168983649,0.0099686921797308,1.4589230091048715,GPR65
IVW,3,24.85521025,0.386075335412945,0.1498583041723873,0.0099872852384739,1.4711954997605157,HORMAD1
IVW,2,25.56414721,1.4955580906356554,0.5805751062305872,0.0099952330726593,4.461825961412396,UNC5CL
IVW,3,24.35718609,0.3036314083862919,0.1179033520847338,0.010016568920838,1.3547696073332451,DUTP6
Wald ratio,1,66.68355600000001,1.7456337496938523,0.6781634337496938,0.0100512677561959,5.729531413843072,FAF2
IVW,3,27.789766560000004,1.4623274548091534,0.5689819506107591,0.0101675897170594,4.315993126401126,CENPB
IVW,2,36.12611025,-1.2995425275775263,0.5058116651659962,0.0101927096535237,0.2726564973357875,RTEL1-TNFRSF6B
Wald ratio,1,240.3151044100001,1.9963153379219587,0.7771208029879823,0.0102033369668288,7.361880022206925,TAC4
IVW,3,47.46658816000001,0.7987821369169601,0.3111751074748599,0.0102586761343552,2.222832174136628,NCKAP1L
Wald ratio,1,39.85649424,-5.436088196160426,2.119018215801812,0.0103062689424051,0.0043564917232351,ZNF383
IVW,2,46.42514496,0.6113905567804566,0.2385304710927091,0.0103725746373257,1.842992403340632,PTPRN
Wald ratio,1,244.84425625000003,0.7712123725834797,0.3010375587154497,0.0104116969441663,2.162386283082653,RP11-134G8.7
Wald ratio,1,213.76486849,0.8253739971410398,0.3221791843071809,0.0104116969441663,2.2827343418193644,RPS10P7
Wald ratio,1,262.89055320999995,-0.9514759188104036,0.371546278193402,0.0104415107833419,0.3861706461220864,FAM96A
Wald ratio,1,24.880144000000005,2.4237012429831597,0.948010585404972,0.0105695114822199,11.287560097519613,DPYSL3
Wald ratio,1,196.31092321000003,0.8651403958290212,0.3384504000399683,0.0105828132585532,2.375339550333438,C14orf183
IVW,2,23.77635121,-0.9507574177990882,0.3723185352963482,0.0106611706572798,0.3864482098248251,RP11-424I19.2
Wald ratio,1,54.06955024000001,1.6735611706467932,0.6557764782679648,0.0107097331925729,5.331119057519127,FOSB
IVW,4,21.88742656,-1.3487112846500542,0.5284923292647525,0.0107107181670509,0.2595745629130743,TUBB
Wald ratio,1,590.97123801,0.494180848131831,0.193724984471347,0.0107432761550836,1.6391549721047214,SHD
Wald ratio,1,151.92781081,1.267928865234993,0.4971895439683917,0.0107663566042111,3.553485188865832,ADCK4
IVW,4,26.857269760000005,0.4082697291878665,0.1601675791567467,0.0108027329961086,1.5042128365631895,PLOD1
IVW,5,25.01800324,-0.837165592532785,0.328593506709704,0.0108428189821148,0.4329359027521364,FLOT1
IVW,2,21.913633439999995,-0.9059329873812392,0.3557981884702359,0.0108903089562428,0.4041646286441585,RP11-793H13.11
Wald ratio,1,308.26580625,-1.411296938630215,0.5544252655560301,0.0109117178087292,0.2438268495400511,AC008592.4
Wald ratio,1,271.7750073600001,0.9501625661183092,0.3739407968166156,0.0110553674000366,2.5861300422673223,IDH3B
Wald ratio,1,126.58725120999998,-1.188086835953818,0.4680530970305126,0.0111373641292771,0.3048038463612533,RP11-81K2.1
Wald ratio,1,171.18058896000005,-1.0468621938915894,0.4125361827020086,0.0111607454340896,0.3510375104344406,RP11-552F3.10
Wald ratio,1,39.98285824,-2.186453789220648,0.862353586791498,0.0112303186776818,0.1123143335409806,FAM178B
Wald ratio,1,309.65440900000004,-0.7095409558447461,0.2802066147638801,0.0113347280707747,0.4918699356642115,ADD1
IVW,2,51.67740769000001,-0.3604613230073288,0.1423828424926785,0.0113532250718642,0.6973545461580911,GUF1
IVW,5,22.953681000000003,-0.2462280810858632,0.097409699698963,0.0114793670180557,0.7817439035919904,MCTP1
Wald ratio,1,113.806224,1.261116985376828,0.4989889951256093,0.0114928776113645,3.5293615316902205,FAM193A
Wald ratio,1,50.04713536,-2.3819527027027028,0.9425591145538844,0.0115004732610461,0.0923700300825968,TATDN1
Wald ratio,1,480.267225,-0.6189900250969655,0.2449422952315765,0.0115013629394902,0.5384880224331874,DNAJC19P5
Wald ratio,1,145.998889,-1.1092509807167097,0.4394270959198875,0.0115925074864235,0.3298058995613145,CHPF
IVW,5,39.19511236,-0.406742213357889,0.1612083745245267,0.0116330726360283,0.6658158066014241,RNGTT
Wald ratio,1,1173.23375625,0.5578242756003212,0.2211372950879498,0.0116515787133146,1.7468676600641635,RP1-34L19.1
IVW,2,22.22368164,1.266693183634694,0.5030353612959754,0.0117989923008705,3.5490969244082127,TNXA
Wald ratio,1,34.51680001,-3.020800973600449,1.2008205817773316,0.0118825268105269,0.0487621455246797,MYL4
Wald ratio,1,26.526620160000004,3.7408892513202856,1.4870831391736563,0.0118833836532106,42.13544250813728,RP11-8H2.1
Wald ratio,1,49.22565921,-1.68926594546828,0.6718059605763886,0.0119196342376066,0.1846550211108195,RP11-225H22.4
IVW,4,50.488130250000005,-1.1814614541759247,0.4698721833604513,0.0119224435564879,0.3068299927960162,RP11-696N14.1
IVW,3,44.11085056,0.5101313729149137,0.2031700584608905,0.0120437786383795,1.6655099834754752,LRRC37A4P
IVW,3,36.86675524,0.5953589300281199,0.23712339156953,0.0120473004507319,1.8136818130092691,GNPDA1
IVW,4,24.05019681,0.3009354273869753,0.1198883801535171,0.012068670072951,1.351122093237045,ANKRD10
IVW,2,53.16159744000001,2.0060235438515237,0.8001827213420136,0.0121775581223726,7.433698720778191,BNIP3L
IVW,4,22.106923240000004,-0.8956532366900014,0.3573004641428198,0.0121856217446261,0.4083407683267669,RP11-483P21.2
IVW,2,82.58083876,-0.5382902749819803,0.2147952715878518,0.0122084198998142,0.5837454438589831,ZNF404
IVW,3,103.74033609,-0.5733916587080959,0.2288117685846057,0.0122121669460701,0.5636106184646541,ATP7B
Wald ratio,1,230.81813329000008,-0.7950171463926754,0.3172828002922456,0.0122207481442961,0.4515734919997952,AC079776.7
Wald ratio,1,41.36161969000001,2.4735697914885013,0.9875397820036383,0.0122527616256662,11.864725940658367,SPTAN1
Wald ratio,1,61.96523524000002,-1.5406232627861478,0.6153253639574175,0.0122883485275251,0.214247527294622,T
Wald ratio,1,44.11749241,4.288148928802637,1.7147128769515665,0.0123914161106279,72.83152730283214,RP11-304F15.7
IVW,3,53.18201476,-0.3005702912705706,0.1202353065655629,0.0124245725826999,0.740395858963431,DENND3
Wald ratio,1,78.04132280999998,-1.3194397844715364,0.527951211781619,0.0124484608620139,0.2672849972371051,TTC7A
IVW,2,35.30974084,-2.33461908539737,0.9366682167193604,0.0126857415408956,0.0968473660772377,IQCK
Wald ratio,1,108.89339904,-1.2920505404783809,0.5184331876724931,0.0126946702252477,0.2747069075289203,RP4-794H19.1
IVW,2,37.93820836,-0.3998331364362624,0.1605425110110791,0.0127558995302961,0.6704319073598956,MAPK8
Wald ratio,1,722.88388225,-0.4401124728023357,0.1768189165566362,0.0128082203265975,0.6439639885754758,CELSR2
IVW,3,60.11676225000001,-0.2870134568284262,0.1153251377400558,0.0128199262790011,0.7505016293974545,NR1H3
IVW,5,21.93610896,0.2808307630299536,0.1129423413612652,0.0129007753434571,1.324229476386229,AATK
IVW,3,38.74315536000001,1.2039310818091125,0.4844462815370094,0.012948979416369,3.333194261178495,GPR128
IVW,2,37.26125764,-0.4379012123080213,0.1762108110902414,0.0129515613496917,0.6453895362509308,SIGIRR
IVW,3,28.680309160000004,-0.3590847841649209,0.1445769986481136,0.0130028093129661,0.6983151427754023,INO80C
Wald ratio,1,66.75707025000001,3.797180833486322,1.5320504987454868,0.0131937638631229,44.57534187984312,RP11-497H16.7
Wald ratio,1,227.47577329,0.7728707292654303,0.3120425929732203,0.0132561837222286,2.1659752659084672,PCGF6
IVW,3,32.91890625,0.5912346237630078,0.2387914874354474,0.0132883993488912,1.8062170378357183,AC093901.1
Wald ratio,1,584.68690809,0.4906077013105711,0.1982076814597006,0.0133153967175636,1.6333084821304875,RP5-1129J21.3
Wald ratio,1,187.33944384000003,0.8622177362791513,0.3484988018002221,0.013357568184541,2.3684073766388134,GTDC2
Wald ratio,1,24.16803921,-3.1129017717296232,1.258618335672586,0.0133883308236431,0.0444717211437053,MFI2-AS1
Wald ratio,1,227.87110116,-1.0785040210925183,0.4362729838228865,0.0134327468516597,0.3401039335773347,AC093391.2
IVW,3,34.37711424,-1.1663878406419748,0.4718393927038621,0.0134358829809768,0.3114900633435818,COMMD4
IVW,2,96.99886144,-0.9572745769664976,0.3872649330374091,0.0134402551610675,0.3839378544096038,CYP21A2
Wald ratio,1,147.84128100000007,-0.9935061435973352,0.4025560983633522,0.0135872495069526,0.3702761710231122,ZNF503-AS2
Wald ratio,1,89.66764249,5.636607140971349,2.2840761196709365,0.0135952222355637,280.5093733470208,MAP1S
IVW,2,61.61465025,-0.7610652343398049,0.3084116734242683,0.0135987006442934,0.4671685179143002,RSBN1L-AS1
Wald ratio,1,105.70307344,-1.1379918881064466,0.46147866007859,0.0136643309827091,0.3204618994668916,NDUFB6
IVW,5,24.509430490000003,-0.3065926208673349,0.1243649581332478,0.013691182159621,0.7359503506627476,WDR6
IVW,2,22.52451600000001,-0.982832131629698,0.3987797620153428,0.0137166733247411,0.374249672176867,MOK
Wald ratio,1,205.45495569000005,1.159286827546272,0.4704643183546467,0.0137344993814532,3.18765911460549,CLEC16A
IVW,4,23.57005401,0.2842342025100975,0.1155067529662893,0.0138643727316269,1.3287440895153326,FBXO38
Wald ratio,1,74.17515625000001,1.4848517155297531,0.6037863338171262,0.0139233939673464,4.414310790507543,CPNE4
Wald ratio,1,27.76025344,2.5547871621621625,1.039489864864865,0.0139817597822866,12.868560449446782,TINF2
IVW,2,59.95869489,0.6691551820894808,0.2723159847918783,0.0139995588965999,1.952587043136208,SLAMF6
IVW,5,38.49333849000001,-0.4261032647213122,0.173525815679993,0.0140664788751641,0.6530489017257888,SAMD12
IVW,3,37.79667441,-0.5022245033177539,0.2046923888432257,0.0141451004682766,0.6051829298183543,FLNB
IVW,5,54.893281,-0.2614937520632547,0.1066323009518323,0.0141948629658186,0.7699006857000983,GPR137B
Wald ratio,1,742.1919462400003,-0.4672643742291654,0.1909871160509778,0.0144220639783976,0.6267143813772595,SRSF3
IVW,6,28.03278916,-0.1804488276118679,0.0738266795078909,0.0145164727183977,0.8348954031954501,FEZ2
IVW,2,27.13784836,-1.4672170020261344,0.6006962181670691,0.0145848204135812,0.2305662585680796,MYO1C
IVW,3,69.19910596,0.3734083680945819,0.1529147145377959,0.0146086245827099,1.452677445842348,CD6
IVW,4,23.50601289,0.3942712940363831,0.1614707618450155,0.0146162490202157,1.4833029053261702,SLC25A16
IVW,4,32.23059984000001,0.2731276191712485,0.111917966277217,0.014669913263807,1.3140679343850608,RCHY1
Wald ratio,1,38.27649424,29.547459106484776,12.121164737828924,0.0147820611776159,6796705371332.969,AC019349.2
IVW,2,23.33856100000001,0.8021933134355181,0.3294496343445197,0.0148938567980763,2.2304275943481717,EVI5
Wald ratio,1,61.564423690000005,1.4743058766552388,0.6058733160852886,0.0149595566958968,4.368002787713679,HMGB1
IVW,2,36.90927009000001,-1.2412995343947155,0.5102595564039,0.0149874331879833,0.2890083974432713,PAPLN
Wald ratio,1,226.58678784,-0.7659505739795919,0.3148843271683673,0.0149957215824654,0.4648918068168595,DAGLA
Wald ratio,1,822.90380769,-0.4588425415616514,0.1887173668266733,0.0150416696819135,0.6320147531211254,DDB2
Wald ratio,1,343.93186116000004,0.6176375597183128,0.2541155542614341,0.0150764170417994,1.854541618730954,PIGW
Wald ratio,1,212.53557796,-2.032203092203641,0.8373042541807856,0.0152209650965808,0.1310464953779022,ARID4A
IVW,2,107.50371855999998,0.5224392028280507,0.2153456775352983,0.0152642019327962,1.686135464158523,PTPLAD1
IVW,3,37.44828025,-0.3635799614963564,0.1498675018426448,0.0152658767574207,0.6951831371097706,MRPL43
Wald ratio,1,41.391208960000014,1.7978813417060433,0.7420217296692364,0.0153950573240591,6.036843896618798,MRM1
Wald ratio,1,487.14669796,-0.5495221961452378,0.2268214884420562,0.0154053110194483,0.5772255450921991,RPL39P38
IVW,2,27.90903241,-0.5110949773354462,0.211115997616627,0.0154812765310383,0.5998384096217763,RP11-89K11.1
Wald ratio,1,51.00959241,-1.8359588076336093,0.7585704484675375,0.0155082273381805,0.1594605364680629,FBF1
IVW,5,32.13982864,0.5695120294430994,0.2353487457784429,0.0155262996529947,1.767404399667347,MAN2A2
IVW,3,41.53415809,-0.2784467241909281,0.115133476432763,0.0155859807743563,0.7569585942572258,STAG3
Wald ratio,1,30.551045290000005,-2.196095489660413,0.9085171783691856,0.0156391075115396,0.1112366361483627,ENHO
Wald ratio,1,264.12100324,1.04463365288768,0.4327133363688945,0.0157720926637801,2.842357043596708,CSNK1G2
IVW,2,28.898150490000003,0.6125253497845772,0.2537754152753684,0.0157935710518382,1.84508500533708,RP11-552F3.9
IVW,2,22.85987344,-1.2943766164933874,0.5363489060241567,0.0158083322117734,0.2740686609729398,SH2B2
IVW,2,24.45203601,-0.3998806031277776,0.1657389062598155,0.0158342327876399,0.6704000849306256,FNIP2
Wald ratio,1,203.18506849,-0.8245482275523877,0.3420952133742099,0.0159399015262731,0.4384330196883781,RP11-503N18.1
Wald ratio,1,33.431524,2.74599325492909,1.13933545485991,0.0159450458094512,15.5800812419113,RP11-752G15.9
IVW,2,57.46701249,0.3975142522580511,0.1649617838334355,0.0159640932165168,1.4881210029002203,HRSP12
Wald ratio,1,209.11184449000004,-1.074200156285657,0.4458499519387028,0.0159817914677928,0.3415708493670173,RC3H2
Wald ratio,1,92.236816,1.2173557892544775,0.5052946272386506,0.0159875363606685,3.3782431263439423,GEMIN2
Wald ratio,1,117.65957840999998,1.081168957601571,0.4498614376192715,0.016246176361538,2.9481237692912714,LMBRD1
Wald ratio,1,594.5160592900002,0.6564056154568608,0.2731245514237553,0.0162469765428914,1.9278504301516253,CTC-360J11.4
IVW,2,54.79256484,0.2919761055217467,0.1215195634264875,0.0162741478283534,1.3390710208536345,SMPD2
Wald ratio,1,286.47593536,-0.7367077326653118,0.3070009925792882,0.0164088855895634,0.4786872906446378,RP11-521D12.5
Wald ratio,1,195.71170609000004,0.8052528789037648,0.3357032388114113,0.016453185113985,2.237262183700535,PKP3
Wald ratio,1,93.99690304,-1.646747854608466,0.6884427964353494,0.0167573274608878,0.1926754995509725,TRGJP1
IVW,3,28.270489,-0.5240265922943167,0.2193934426613893,0.0169161847257544,0.5921314692638117,DNPH1
IVW,2,44.54494564,0.7697997224517692,0.3224570707524012,0.0169729273267873,2.15933374440726,MLYCD
IVW,2,131.78351209,0.8239496097694645,0.3451658734418725,0.0169813155426705,2.279485158447448,CLEC2A
Wald ratio,1,173.45416803999998,-0.8871293374436229,0.3718400024297277,0.0170428313200496,0.4118363005117451,CEACAM3
IVW,2,485.66462884,0.4351969834621383,0.1824894761708454,0.0170894062719082,1.5452674210997372,CD5
IVW,3,26.40212689,0.4892859868499377,0.2053021844679113,0.017160636815249,1.6311511406997234,ANXA2
IVW,4,33.578548090000005,0.4463344196011928,0.1873180725492882,0.0171832910096627,1.5625739345191234,BEND7
Wald ratio,1,249.95293801000008,-0.8025508953250811,0.3370391084067577,0.0172572616595896,0.4481842336277948,LIM2
IVW,2,45.69895201000002,3.32549739415257,1.3966651281883866,0.0172644460268835,27.81282914136128,NPTX2
IVW,4,66.48282369,0.622008709238576,0.2614915885524741,0.0173740493221579,1.86266584059648,C4A
Wald ratio,1,61.28541225,1.5514273998850354,0.6529531583317366,0.0175006858837747,4.718200136612844,GDF11
Wald ratio,1,128.97463489,1.0030644113166678,0.4224089039949986,0.0175665991895159,2.726624538274655,SNX21
Wald ratio,1,51.56819721,-3.5414095333583995,1.49150074501121,0.0175778107791231,0.0289724606379108,TUBA4A
Wald ratio,1,25.61473321,-2.6272013593882755,1.1068666100254885,0.0176180886730956,0.0722804664872169,RP4-666F24.3
Wald ratio,1,53.209730250000014,-2.027943299746384,0.85531995338954,0.0177411708228221,0.1316059169143532,RTN4RL1
Wald ratio,1,79.11035135999998,1.2486036382442889,0.5266994063680518,0.0177583246338715,3.4854725772394306,MAP3K14
IVW,3,102.68376889,0.2432108734311624,0.1026013392741234,0.0177666675270329,1.2753375305658112,STEAP3
Wald ratio,1,177.08423329,-0.8316854809014601,0.351193961209261,0.0178765292559679,0.4353149526039175,TRAV24
IVW,2,82.35925504000001,-0.4325572030017813,0.1827787721942494,0.0179541916246999,0.6488477360346585,GPR19
Wald ratio,1,402.4718068899999,-0.5513850271911155,0.2329952097778354,0.0179567863214797,0.5761512723313094,C11orf58
IVW,4,33.37603984,-0.6426745344824889,0.2718636857737773,0.0180808264282852,0.5258840464892823,IER3
IVW,2,66.90585616000001,1.3631116912053711,0.576672537105333,0.0180908482278407,3.908335934490813,EPG5
Wald ratio,1,36.68482624,3.965296196011095,1.6777076013736627,0.0181022284008183,52.735887236002085,AC129492.6
IVW,2,27.70653769,0.4811351992782388,0.2036070578791474,0.018124853805294,1.6179100103812627,PPP4C
IVW,4,29.55335769,0.2811125922397571,0.118978387745913,0.0181413801654981,1.3246027355283514,ST7L
IVW,3,21.90520809,0.5268660522939402,0.223020112461792,0.0181563059972142,1.6936162780391302,CTD-2231E14.8
IVW,3,34.083411609999985,2.8804242404506453,1.2192866823057165,0.0181577872522304,17.821832318226647,CTD-2561J22.5
Wald ratio,1,713.83014976,-0.4372157978261521,0.1853484893852741,0.0183299280656341,0.6458320472199133,PHF10
Wald ratio,1,39.55781025,-4.966821209953095,2.108550727402814,0.0184947283167313,0.0069652539610479,RP11-379B18.5
Wald ratio,1,218.59031104000007,-0.7477666251826199,0.3174859856068394,0.0185090304787045,0.473422703255457,AF216667.1
IVW,6,33.75377604000001,-0.228228251415231,0.0969134236752725,0.0185241774555637,0.7959425640833917,NAPRT1
Wald ratio,1,28.94978025,2.2075043583310103,0.9384459065142644,0.0186578244029784,9.092995195143994,RPS19BP1
Wald ratio,1,119.75581489,-1.7640921842588615,0.7514068151288916,0.0188887567682456,0.171342263105771,NAA20
Wald ratio,1,202.606756,0.95427083040607,0.4065212870591542,0.018904602429921,2.5967764020193016,TMEM68
Wald ratio,1,612.77041764,0.4512120448247165,0.1922526843929514,0.0189265772581037,1.5702142025902766,RP1-80N2.3
Wald ratio,1,427.2406320399999,0.651679203475602,0.2777533019187413,0.0189632880602828,1.9187601139924384,BAALC
IVW,4,127.34671104000002,0.2119393034455059,0.0903362610656818,0.0189702272417517,1.2360728574380166,USMG5
Wald ratio,1,393.95898256,0.7684354809455674,0.3278226154249208,0.0190751647550642,2.1563899002012032,TARSL2
IVW,5,57.197456410000015,-0.2820417937928206,0.1204054572476742,0.0191584404973699,0.7542421612337312,MICAL1
IVW,2,24.283212840000004,0.5261393323803006,0.2246147292708502,0.0191597584743767,1.6923859404733672,GGA2
Wald ratio,1,508.1282388899999,0.4910826512641016,0.2096972455493596,0.0191876511627424,1.6340844061661328,ITCH
Wald ratio,1,68.61637225,-1.3236701877225812,0.5652937043520252,0.0192032424551866,0.2661566622545793,CTD-2574D22.2
IVW,2,86.61094225,-0.6358363593944072,0.2717354646167149,0.0192884199799137,0.5294924570859755,TMCO4
Wald ratio,1,105.04405081,-1.1986374218224038,0.5124696607507,0.0193383739645494,0.3016048923011001,FAM32A
IVW,2,22.89144025,0.3217483316257638,0.1376490184334258,0.0194155588396498,1.3795375462942432,ZNF181
IVW,2,28.06244676,1.8292998405102443,0.7827562820820938,0.0194392897492807,6.229523471264419,SCIMP
Wald ratio,1,26.471025,-3.1533123809523813,1.3500772400388728,0.0195093174920746,0.0427104191228196,TTN-AS1
IVW,4,33.636520090000005,-0.2965636275503936,0.1270016540930713,0.0195373481086402,0.7433683270536314,RABAC1
IVW,3,22.287841,-1.1817603461158557,0.5061149442082415,0.019545283755614,0.3067382974884173,C17orf51
Wald ratio,1,127.07827441,1.357819035030915,0.5816734114557923,0.0195783284547863,3.887705100290869,CTD-2611K5.5
Wald ratio,1,22.78534756,2.627213474672142,1.1256353961536851,0.0195966308969128,13.8351641039023,RP11-638I2.2
Wald ratio,1,76.89009969000001,7.1394671958215,3.05953676143556,0.0196212644354423,1260.756473797248,RP11-468E2.9
IVW,2,32.74013961,0.8163322680973945,0.3502832346620332,0.0197801635649417,2.2621875058637504,RGS10
Wald ratio,1,115.01919009,2.765657967122624,1.186834298395293,0.0197912797542176,15.889491314803262,AC006129.2
Wald ratio,1,169.96336900000006,-0.9049081997392036,0.388428304057682,0.0198238127413814,0.4045790238582219,RP4-799D16.1
Wald ratio,1,31.653001210000003,-2.377915607614511,1.0209760580153215,0.0198558297660922,0.0927436904210007,TRAV13-1
Wald ratio,1,89.78131009000002,1.1547353856869966,0.4958688168184648,0.0198743577454312,3.17318363661544,ZRANB2
Wald ratio,1,138.92629688999995,0.930826117573197,0.3999838971043634,0.019956805404147,2.536603845290672,FOXO6
Wald ratio,1,62.76600625,1.5287037677500788,0.6569497507100032,0.0199667480650542,4.612194470663076,IGHV3-23
Wald ratio,1,25.627893760000003,4.020611567635904,1.7282814080278128,0.0199991429583583,55.73518123905096,DERL2
IVW,2,52.78313104,0.6153673620837946,0.264577488083131,0.0200265922293443,1.8503362180864416,RP1-97J1.2
Wald ratio,1,175.28700815999997,0.9129376869391824,0.3932184507084806,0.0202487647239675,2.4916314256061534,GTF2A1
IVW,2,51.68315881,0.4461358601605838,0.1922133539742996,0.0202844108026374,1.5622637015136402,EXOSC3
Wald ratio,1,43.32272400000001,-2.3637193862048007,1.0196273776967488,0.0204374311903106,0.0940696902085724,TTN
Wald ratio,1,107.79630625,3.0169392728148323,1.3014170190223937,0.020438690325462,20.42866931455796,KLC4
Wald ratio,1,511.5105955599999,-0.4863396708612258,0.2103903239213675,0.0207993701046846,0.6148729174252267,RP11-455F5.3
IVW,2,42.24740004,1.4101790960427714,0.610103492928061,0.0208120479309821,4.096689039169024,TNS3
IVW,2,521.0719290000001,0.2893290072713844,0.1252861743821,0.0209244413713047,1.3355310556821105,RP5-1154L15.2
IVW,5,25.10911881,-0.2867655799370497,0.1242667923398136,0.0210180213913853,0.750687684466746,MYO1G
IVW,2,34.231860639999994,-0.6824189081605619,0.2957784122290547,0.0210438698855326,0.5053930133317175,LINC00243
IVW,3,27.09514809,0.7582979732036811,0.3289078666278873,0.0211384359443393,2.1346399124962634,ZCCHC24
Wald ratio,1,136.08389025,0.9536866315202948,0.413812044061549,0.0211869006079807,2.595259811177108,RP11-397D12.6
IVW,4,34.09859236000001,0.2580911712472697,0.1119911605146969,0.0211908166991299,1.294456830488284,UFSP1
IVW,5,24.60060801,-0.6412960070588162,0.2784181445911386,0.0212588407730336,0.526609491977407,NEB
IVW,3,37.45072809,0.9117283399197436,0.3961078182463852,0.021351102556044,2.488619999864452,IGLC6
Wald ratio,1,351.45750784,0.6263326576768798,0.2722002752411027,0.0213916675548826,1.8707373494673336,PSMB11
Wald ratio,1,47.62104064,-1.579345032460005,0.6868197890099699,0.0214763216044127,0.2061100493977561,SRRM1
Wald ratio,1,234.35935744,0.7575894779473243,0.3296757943143812,0.0215627382134486,2.133128065875551,ATF4
IVW,4,24.97500625,-0.2997060123655695,0.1304332624279686,0.0215747193765321,0.7410360440950853,RPS26
Wald ratio,1,70.92839961000001,-4.458316769375081,1.9409944786805824,0.0216231065725172,0.011581841800266,CTD-2521M24.9
Wald ratio,1,98.95275625,2.277576878612717,0.9917932746921336,0.0216517076422906,9.753019004937066,ASXL2
Wald ratio,1,249.33989025,0.682168189734334,0.2975245115734144,0.0218587496835145,1.9781621166670529,SRPK2
IVW,2,85.45523363999999,0.966681227096431,0.4219937819125699,0.0219780180633601,2.6292042321981115,GNAI1
IVW,2,30.185134810000005,0.9122995884180184,0.3983922135723006,0.0220240204313781,2.4900420264287497,TRAV35
IVW,3,87.99002809,0.3092235497726298,0.1350401311292265,0.0220291952869742,1.3623668932733854,MAN1B1
IVW,3,30.12582769,-1.0357952006139617,0.4524152872296576,0.0220515493595887,0.3549440169716185,RP11-1094M14.4
IVW,2,50.17455556,-0.6469064473331009,0.2825600166539876,0.0220533395765456,0.5236632534506753,RP11-439C15.4
IVW,3,49.59117240999999,-0.4317333453639463,0.1886238303017206,0.0220875480391651,0.649382514458179,LRP10
Wald ratio,1,41.30118756,2.8482880527806307,1.244565275573398,0.0221037271145465,17.258211389264556,ZNF518A
Wald ratio,1,28.898150490000003,3.364904291534126,1.470485890209647,0.0221203957258224,28.930728250924084,AL122127.25
Wald ratio,1,144.70887025000002,1.510044307743464,0.6600626792468515,0.0221533276800001,4.526931367984468,ATF3
Wald ratio,1,59.26998169000001,-1.78871653655812,0.78205598347773,0.0221842944304277,0.1671745945148502,GPR75
Wald ratio,1,91.948921,-1.9663347585775368,0.8605109187610804,0.0223082416472011,0.1399689371379277,GPAM
IVW,2,33.33445696000001,-1.900879151149114,0.8328137418674977,0.0224611273027708,0.1494371835835362,CTD-2616J11.3
Wald ratio,1,27.51946681,3.3059227206008504,1.448644274576336,0.0224845933261232,27.273695982922305,PI4KB
Wald ratio,1,123.77452516000004,1.2511390152264188,0.548330684739425,0.0225056690947136,3.4943207762038178,SEMA4G
Wald ratio,1,365.612641,-0.5782640133884211,0.2535780869201401,0.0225829138284254,0.5608711867907362,ZDHHC6
IVW,2,24.68897344,-0.9172350305467364,0.4026376676527596,0.0227226678660958,0.3996224588148419,CTD-2616J11.2
IVW,4,22.097520640000003,0.3816197533050426,0.1677322107874732,0.0228955695764181,1.464655048992464,CXCL5
IVW,2,23.038080040000004,0.2605450318151902,0.1145286985337271,0.0229099933282674,1.2976371474929018,C1QL3
IVW,3,22.84553209,0.4961206296504348,0.2181156337223616,0.0229313650876468,1.642337660487818,KIAA0930
IVW,3,59.71116529,0.3781506252167796,0.1662783167170888,0.0229537917324182,1.45958277629124,DANCR
Wald ratio,1,188.046369,-1.010929147524247,0.4446378472981843,0.0229899746659616,0.3638807235775654,C10orf2
IVW,2,58.82429809,-0.8866469499847891,0.3899882455805539,0.0229947274087882,0.4120350131025819,CAD
IVW,2,41.76261376000001,-0.4994127920708776,0.2196660266929546,0.022995496059746,0.6068869239156179,NTAN1
Wald ratio,1,149.39195076,-0.8737940863646033,0.3847098653314352,0.0231284192333836,0.4173650225001416,C20orf112
IVW,2,30.551045290000005,1.7728624917319225,0.7805897144235423,0.0231358709137117,5.8876827060274,ZNF484
Wald ratio,1,33.26059584,-2.0443950617283955,0.9004506172839506,0.0231825179872771,0.1294584806840107,CTD-2616J11.14
Wald ratio,1,61.25253695999999,-1.506495349074926,0.6635335275477869,0.0231825179872771,0.2216855485762979,CTD-2616J11.12
Wald ratio,1,483.06764944,-0.7322565017198391,0.3229588694560212,0.0233696643211793,0.4808227875950509,USO1
Wald ratio,1,265.23705321000006,0.653500592529826,0.2882334137700247,0.0233742409491306,1.922258107298068,WBP1L
IVW,2,42.005953440000006,-1.1848523808554658,0.5228746782074494,0.023449233434122,0.3057913168196583,PPP1R26
Wald ratio,1,133.44639361,-0.9153504272024516,0.4039581021303854,0.0234542074313206,0.4003762987586957,SRSF10
IVW,2,48.25108369,0.6036153346641777,0.266439911142418,0.0234829996100167,1.828718292149172,GPR18
Wald ratio,1,65.16364176,-1.3210927852930976,0.5833268420791834,0.0235276758648208,0.2668435398822866,CALHM1
IVW,3,23.05152144,-0.2707270941563392,0.1196125732331432,0.0236131045439451,0.7628246473049131,RP11-465B22.3
IVW,2,29.56749376,-0.7557455976431028,0.3339136614301863,0.0236174222565976,0.4696603065346726,RPSA
IVW,2,54.09308304,-0.3353852785129417,0.1482446582758761,0.0236741318531599,0.7150625350438072,PPP2R1B
Wald ratio,1,22.36249521,6.077874347099748,2.6870023895620543,0.0237002789836449,436.1012089803486,SPIN1
IVW,2,74.91768025,0.5300314500447686,0.2344955876899669,0.0238023541419183,1.698985740955936,SULT2B1
IVW,3,26.21849616,-2.107914732425352,0.9338605959334714,0.0239952730912893,0.1214910438089184,OTUD1
Wald ratio,1,201.61444081000005,-0.7509117620130853,0.3327783028501807,0.0240398011979221,0.4719360631438268,DDX1
IVW,2,23.75782564,-0.63978831953938,0.2835623881306224,0.0240548284158605,0.5274040533607073,CLDND2
IVW,2,50.37024784,-0.8819702846951426,0.391019457042027,0.0240978097861344,0.4139664758285398,LPCAT4
IVW,2,22.23405409,0.5171051192969335,0.2292881810748436,0.0241168342982178,1.677165421494641,COBL
IVW,2,24.5025,0.3896094182038715,0.1727749789636096,0.02413266009362,1.4764040247164216,ADAMTS6
IVW,3,24.751620010000003,0.2909640640943323,0.1291051822389592,0.0242151863980388,1.3377165110319178,PDSS1
IVW,4,50.19297409000001,-0.2584664806955407,0.1147493841916091,0.0242942725219057,0.772234915392613,EFCAB2
IVW,4,31.61475529000001,-0.2871179554648365,0.1275005788239674,0.0243288885982511,0.7504232070981418,CENPQ
IVW,2,51.12536004,0.5334880956723471,0.2370377588713872,0.0244079643099359,1.7048686943736786,PP13439
Wald ratio,1,290.50816249,0.6386540955040688,0.283925054123666,0.0244886081784818,1.8939301140912823,LYPD4
IVW,5,24.18475684,-0.3681924888715783,0.1639057735743576,0.0246805227506095,0.6919839696547556,KCNMB1
Wald ratio,1,480.99946489,0.4950418800184208,0.2206566294450498,0.0248649600530042,1.6405669445921995,DMRTC2
Wald ratio,1,174.11066401000005,-0.7930025388212291,0.3534881887973566,0.0248733766034241,0.4524841523794866,SRGAP1
Wald ratio,1,36.25364521,-2.7194761422331477,1.2129015960538774,0.0249533398788235,0.0659092724686316,RP11-517P14.7
Wald ratio,1,1106.40721129,0.3261009960105462,0.14551201796607,0.0250222630735996,1.385555297363981,AC020956.1
IVW,2,40.217158890000015,0.5461639322846603,0.2438170830216023,0.0250872842063574,1.7266168784010136,TRIM23
Wald ratio,1,305.026225,-1.5603256799312912,0.6967347036931004,0.0251244917213699,0.2100676452426197,C17orf66
IVW,2,22.033636,0.3032576791371628,0.1355032396529097,0.0252203675172777,1.3542633849061094,MAGEF1
IVW,2,69.88291216,0.6979396562053425,0.3120000911000796,0.0252872926859766,2.009607955848519,KLHDC7A
Wald ratio,1,226.03318336000004,1.133985167349545,0.5069301335603682,0.0252886017245372,3.108017823946708,RP13-735L24.1
IVW,2,64.68824040999999,-0.825999290098516,0.3693798374979004,0.0253400740318938,0.4377972873097932,BTAF1
Wald ratio,1,1113.06307876,0.3831989053610929,0.1714781102192275,0.0254382871513305,1.4669697892068427,RP11-539L10.2
IVW,2,290.01068208999993,-0.5233834434753859,0.2342334498952815,0.0254533354451302,0.5925124204099289,KLHDC8B
IVW,3,78.66625636,0.3154506964731042,0.1412115621866091,0.0254904982158183,1.3708770211851375,TC2N
Wald ratio,1,77.87356516,-1.1958108016227365,0.5353837227749699,0.0255121448734279,0.3024586207966769,GALE
Wald ratio,1,257.01219856000006,-0.9814959704583446,0.439941440654707,0.0256831441953342,0.3747500642850273,TRIM21
IVW,3,42.784681000000006,0.550391572224334,0.2467330895209818,0.0256999144214116,1.7339318445030891,ALG1L13P
IVW,5,42.28510729,0.2986558148124205,0.1339114862320561,0.0257309879683556,1.3480455663005866,VPS16
Wald ratio,1,43.349056,1.6642243013365734,0.7464293742405832,0.0257753123808335,5.281574749891558,CRTC2
IVW,3,26.72993401,0.4115386060929443,0.1846181574499228,0.0258049923421026,1.5091379686044977,ANTXR2
Wald ratio,1,23.377225,-2.42484227507756,1.0878579524301966,0.0258134828216125,0.0884920753471505,AC068831.6
Wald ratio,1,41.21640000000001,-1.7033546417445482,0.7645294080996885,0.0258819873163809,0.1820717130540215,CHID1
Wald ratio,1,138.49053124000005,-0.8942472425689569,0.4015519790622184,0.0259487742263737,0.4089152968436307,CTD-3093M3.1
IVW,2,35.62179856,-0.568513842206828,0.2552859975286651,0.0259493876918601,0.5663665235751125,ZFYVE28
IVW,3,23.97962961,1.444793388261322,0.6488572878809251,0.0259690965634613,4.24097581690672,APLP2
IVW,5,30.411916090000005,-0.7412679991236771,0.3329181885485832,0.0259755539978236,0.4765093188892661,PTGES
IVW,2,29.67416676,-2.49858868240557,1.1226601187783911,0.0260412058389112,0.0822009284143293,TOP3BP1
IVW,3,38.97380041,-1.5657831500645332,0.7037481839713784,0.0260866338850871,0.2089243299848888,GSE1
Wald ratio,1,206.45953969,-0.7583089632325819,0.3408481908592983,0.026096655975939,0.4684579371806531,CTC-534A2.2
IVW,2,24.11006404,-1.1951578819092508,0.5373058211986639,0.0261246950837361,0.3026561664764252,MTX3
Wald ratio,1,44.35160409,1.9388280553178072,0.8720388305779541,0.0261937134877396,6.950600476339615,METTL12
IVW,4,34.883198440000015,-0.4972504706199847,0.2236565052841411,0.0261970953414925,0.6082006283432323,DENND1A
Wald ratio,1,72.84110409000002,-1.3977359954069857,0.6296874875508218,0.0264371239163132,0.247155893070909,AC097495.2
IVW,3,56.96626576000001,1.3826194597916013,0.623564221865922,0.0266036371416729,3.9853273714306474,LGALS3BP
Wald ratio,1,69.30063009,-1.2982323206842288,0.5858410273042872,0.0266904963073744,0.2730139678871522,AC127496.1
Wald ratio,1,24.08355625,3.047385389709628,1.3753206724401426,0.0267077012954513,21.060208137088505,RP11-503N18.5
IVW,4,27.604516,0.2430289006761058,0.109695776796393,0.0267270724307713,1.2751054749962831,CREB5
IVW,2,95.69339329,-3.213210479403105,1.4509531402714426,0.0267908628771482,0.0402272569553456,ICT1
Wald ratio,1,70.64570600999998,-1.236038048327801,0.5582970815338306,0.026832683882848,0.2905330184685795,CLASRP
IVW,6,28.72424025,-1.4993702180577897,0.6773486781834791,0.0268572034714216,0.2232707277528772,DDX55
IVW,2,22.22085321,-0.973073384196668,0.4396630885104071,0.0268821302722794,0.377919758802641,RP11-65E22.2
Wald ratio,1,25.34014921,-2.7233197322155784,1.2306925445479648,0.0269090123631308,0.0656564304709798,ECT2
Wald ratio,1,176.92724195999998,-1.0085796833416032,0.4558394605079164,0.0269268558809712,0.364736653398868,ASB14
IVW,4,23.843689,-0.2996349413179414,0.135489564005192,0.0270013490322993,0.7410887121746349,SERPINB8
IVW,2,87.12168921,-0.3908896959545153,0.1767735540824122,0.0270188528897699,0.67645476762169,NKG7
IVW,7,24.66314244,0.2980900947954745,0.1348347589067483,0.0270510207415979,1.3472831656129731,SNX19
IVW,3,26.996337640000004,0.8720896444655112,0.3947334337647202,0.0271528885600538,2.391903863570038,C11orf35
Wald ratio,1,193.58826496,0.8024162114765409,0.3635966248850045,0.0273220419782489,2.230924807701477,AP000295.7
Wald ratio,1,42.26430121,-1.8217134023472952,0.8259554844564766,0.0274132081619402,0.1617483733294868,RP11-214F16.3
IVW,3,27.00984841,-1.9231552835449903,0.8722677730423957,0.0274697983048255,0.1461451046240346,C2
IVW,2,74.57358736,0.5880809645939771,0.2667687097561089,0.0274920061898344,1.8005298174040698,LRRC20
IVW,2,30.387656250000003,0.894016529358838,0.4056380504695984,0.0275260317305865,2.4449300897257435,OR52K1
IVW,2,25.277767290000003,-0.3523339883756418,0.1599146648828406,0.0275762506481052,0.7030452738112426,EDEM3
IVW,2,27.28599696,0.9939081242634856,0.4511656161247223,0.027596268418051,2.701772730086813,AP4B1-AS1
Wald ratio,1,142.11977796000005,-0.984491670441391,0.4470171959669166,0.0276400660693652,0.3736291053903835,POLL
Wald ratio,1,124.90521121000003,-0.9565136854537808,0.4343600719392274,0.0276567219036565,0.3842301006341709,SDC4
IVW,4,25.762730490000003,-2.22564260669372,1.0107895804204186,0.0276734194364762,0.1079979960963244,MEA1
IVW,4,30.06548224,-0.4442092019133978,0.2017856006315483,0.0277082866252396,0.6413312390699338,PLA2G16
IVW,5,25.59044569,1.0487606510970056,0.4770987543647973,0.0279345328225049,2.8541116850341157,ARL11
Wald ratio,1,58.48119729000002,1.3641243314633922,0.6209086344199913,0.0280218194208117,3.9122956773590944,MATN1-AS1
Wald ratio,1,231.45362496000004,0.8827015039175474,0.4018267865593942,0.0280403490458871,2.4174215668682444,C3orf38
Wald ratio,1,368.92805625,0.7500354236626319,0.3417238578680203,0.0281737685317222,2.117075009835314,NR2C1
Wald ratio,1,464.73011776,0.5112554087653542,0.2330779771403124,0.0282717247741355,1.6673831289502818,PPIG
IVW,2,37.034527360000006,-0.4015853432857019,0.1830845383037143,0.0282755383069996,0.669258200568572,TRAF3
Wald ratio,1,350.55447360999995,-0.5639906959851735,0.2571293856252437,0.0282777040386865,0.5689340845256547,DNAH8
IVW,2,30.114851290000004,0.8211904326417431,0.3745760555216962,0.0283564366210615,2.2732043240872297,MCL1
Wald ratio,1,687.68768644,0.5112604351772053,0.233218160602201,0.0283651973658172,1.6673915099256646,ZNF654
IVW,5,30.707113960000004,-0.1691973399171705,0.0771985314653986,0.0283999417127742,0.844342264511782,CUBN
Wald ratio,1,995.26368484,-0.3294775610343669,0.1504044085482981,0.0284799500139496,0.7192994253330883,YPEL3
Wald ratio,1,25.16828224,2.048082163929198,0.9351528464359752,0.0285166816941393,7.753017821782477,RP11-466L17.1
IVW,2,62.94359569,-0.8422502704669651,0.3852150152023566,0.0287832870511819,0.4307401501985151,LILRA4
IVW,4,34.95174400000001,-0.9633105293443248,0.4406467253814807,0.0288061781138062,0.3816274037042197,RP11-645N11.2
IVW,5,30.11594884,-0.2690258640930044,0.1230743169900838,0.0288242811377072,0.7641234920315513,CLEC9A
IVW,2,24.91407396,0.876830546782906,0.4012603781885947,0.0288748488467673,2.4032705690700675,TP53BP2
Wald ratio,1,72.45584641,3.029310275960104,1.386447292677483,0.0288929220265325,20.68296213241762,LGALS17A
Wald ratio,1,416.27424784,-0.5041062109122277,0.2307592879408709,0.0289215366747881,0.6040452232545115,STX7
Wald ratio,1,56.73554329000002,-2.541928760139665,1.163977218113989,0.0289747175126373,0.0787144320241965,ODF3
IVW,2,26.62250409,-0.3321313450186968,0.152166495789104,0.0290591038613114,0.7173930906572086,HTR6
IVW,2,30.28410961,0.7316592353285597,0.3353255318664909,0.0291141715760927,2.0785265127211154,C11orf48
Wald ratio,1,35.68987081,2.8709393883597527,1.3158520613983695,0.0291235468914967,17.653593993769988,NDUFAB1
Wald ratio,1,83.24737600000002,1.3362290661990353,0.6125900043840421,0.0291628646496622,3.804669264313721,PRKAR1A
IVW,11,31.23244996,-0.1967585242948431,0.090227659519559,0.0292063782426668,0.8213889548438574,NUDT2
Wald ratio,1,30.55215076,1.8871529471360855,0.8654321742591454,0.029213738131482,6.600549790382389,CDCA5
IVW,6,40.975361440000015,-0.1630042593348762,0.0747611049051637,0.0292326328486527,0.8495875697289175,BTBD11
IVW,4,123.22332036,-0.1818075763228216,0.0834067501457252,0.0292744751459868,0.8337617604847738,GAPT
IVW,3,22.888569640000004,0.8588767157318488,0.3940952420636805,0.0293046886319272,2.3605076827971074,C10orf54
IVW,2,44.65046041,1.1009875192971166,0.5052096025054357,0.0293117062891086,3.007134161172006,BHLHE40-AS1
Wald ratio,1,551.3338802500001,-0.4735207086731542,0.2174085730712719,0.0294043805696024,0.6228056864074035,CTRC
Wald ratio,1,344.81147480999994,-0.5580354782945862,0.2562547780991002,0.0294314467203651,0.5723323194217993,RARS2
IVW,2,37.31010724,-0.271042440724874,0.1244852552257973,0.0294577751952802,0.7625841310949655,N4BP2L2
IVW,2,27.737075560000005,-1.7436805368974186,0.8011843132838636,0.0295269493017333,0.1748755786796578,HOMER3
IVW,3,30.79362064,0.6245475574036876,0.2871496599332424,0.0296308870237214,1.8674008745708497,MFSD10
IVW,2,30.99594276,0.993429592383834,0.4569915874024667,0.0297166601737253,2.700480154997752,TMC4
IVW,4,32.19200644,0.2802641361903969,0.1289259177973414,0.0297172587994583,1.3234793449655446,SUOX
Wald ratio,1,35.603895609999995,-2.2655361745630063,1.042339171093868,0.0297418412849173,0.1037743784394263,MAMSTR
Wald ratio,1,183.15562225,-0.8959212768315662,0.4122284553145897,0.0297531524200869,0.4082313312768343,H3F3B
Wald ratio,1,23.719822090000005,6.351979138862083,2.923098946676796,0.0297781254892719,573.6268735466814,MORF4L1
IVW,2,54.18579321000001,-0.4081754117471107,0.1878495062025495,0.0297889586911992,0.6648622439453388,RRN3
IVW,3,33.84563329,0.2203975422239491,0.1014393960569454,0.0298027802387035,1.24657219717999,PCK2
IVW,5,73.63870969000001,0.1630827923481501,0.0750713484166298,0.0298277185796291,1.1771341433540183,LAP3
IVW,3,50.31632356,0.3103386730937424,0.1429242224471316,0.0299046394369801,1.3638869477345603,RP11-218M22.1
Wald ratio,1,64.82665225000001,1.7546822828044464,0.808637098677265,0.0300124881303218,5.781610533031457,CD58
Wald ratio,1,68.35817040999999,-1.7082221604034884,0.7874743768066862,0.0300643479896904,0.1811876289868427,NAP1L4P1
IVW,2,37.95176025,0.8494556957830223,0.3915917076394631,0.0300646034511054,2.338373718795547,ZNF675
IVW,6,25.462116,-0.1949115568901356,0.0899213448127402,0.0301907852896998,0.8229074353303579,LIPA
Wald ratio,1,24.09239056,-15.474438921033329,7.1445509738407615,0.030318230593985,1.903428492719656e-07,TIMM8AP1
Wald ratio,1,55.60983184000002,1.3667632087110442,0.6312612508716408,0.0303776660384276,3.922633379372452,RP11-464F9.9
Wald ratio,1,158.97427225000004,-0.8447577745171907,0.3904141333227585,0.0304836999947739,0.4296614205519926,MYL12B
Wald ratio,1,77.67954495999999,-1.304774575655805,0.6034320368521376,0.0305984449485769,0.2712336708269641,PRMT5-AS1
Wald ratio,1,45.87759289,2.3021347349150343,1.0652038445071088,0.0306787201604288,9.995497433169662,FUBP3
IVW,2,25.716055210000004,2.684708863416049,1.242312284905249,0.0306908617766543,14.65393446274402,FBXO22
Wald ratio,1,35.50133889000001,1.7073188325529094,0.790064515046238,0.0306963743001476,5.514157261254024,BMS1P4
IVW,4,27.78133264,0.3734561769167042,0.1728381349679716,0.0307163659683822,1.4527468983001643,RHOT1
Wald ratio,1,202.54128489,-0.8035933865947147,0.3719155266060976,0.0307194544699653,0.4477172489330768,COG7
Wald ratio,1,137.04214225000004,-1.5506443428864305,0.7180532012130012,0.0308104848344739,0.2121112574055053,GGT5
Wald ratio,1,28.62357001,2.185493056204557,1.0130372890226351,0.0309770927220249,8.895033223658764,EIF4EBP1
Wald ratio,1,145.67041636,-1.0238296187051552,0.4749149253484017,0.0310979658753645,0.3592166399119477,PMS2P1
Wald ratio,1,282.038436,0.7355775276884602,0.3412503989520066,0.0311199128776449,2.086686763960435,CTB-161A2.3
Wald ratio,1,67.72631616,1.5019106882473023,0.6971147564887722,0.0312035728052415,4.490260366903005,NUDT19
Wald ratio,1,45.32117041,-1.9539149448166249,0.9069271995365488,0.0312061396145328,0.1417181653285988,PDAP1
Wald ratio,1,116.70048784,2.9324654719146888,1.361694727292924,0.031276182744266,18.77385990893259,ABHD14A
IVW,2,37.09419025,0.4468590435286071,0.2075553671718662,0.0313215798785821,1.563393913264954,PACS1
Wald ratio,1,131.64120225,-1.0194349413866737,0.4740631716564257,0.0315220051106417,0.3607987550281916,SMIM16
Wald ratio,1,24.18377329,-2.412220875612583,1.1217977916505684,0.0315301476363205,0.089616047308485,MTA1
IVW,5,25.532809,0.189027654545542,0.0879905836569466,0.0316922013291529,1.208074360768382,CRISPLD2
IVW,2,57.09464721000001,-0.349354733287009,0.1627328620605582,0.0318092929903461,0.7051429482227937,AF001548.6
IVW,2,25.178316840000004,-1.4737117778037991,0.686534753918028,0.0318255722452822,0.2290736347919895,SLC25A30
Wald ratio,1,143.36949169,-1.6281000860218648,0.759099676791635,0.0319706221388393,0.1963021773084382,RPL23AP82
Wald ratio,1,130.28396163999997,-0.9203954547843914,0.4292993464281334,0.0320370573567954,0.3983614759800368,MRPL41
IVW,2,60.36357636,0.9888176351811904,0.4614978692328015,0.0321430891782672,2.688054331803622,PLIN3
IVW,5,23.097636,0.3650972028994218,0.1704486432376009,0.0321952717877014,1.4406540370929664,ZNF211
IVW,8,21.932362240000003,0.4104200401994678,0.1916163706187454,0.0322028169180139,1.5074508421012582,CORO2A
Wald ratio,1,143.56592761,1.3602198482711425,0.6350680609919963,0.0322056403989508,3.897049967321418,NAALAD2
Wald ratio,1,22.77580176,3.3301299555779065,1.5552136451261418,0.0322523935594576,27.941972682506197,PPBP
Wald ratio,1,120.73834161,0.9466620616849136,0.4422210027211256,0.0322983186009584,2.5770931087298448,RDX
Wald ratio,1,25.76780644,-2.8638251053937984,1.338548638745518,0.032395178225689,0.0570501196499639,RP11-355O1.11
Wald ratio,1,57.30792804000001,1.9145851364561044,0.8952716704974768,0.0324719580630212,6.784123727493018,CCDC93
IVW,2,24.27434361,1.095607634954488,0.5124291415684981,0.0325113378625379,2.9909995672223024,PPP1R2P1
Wald ratio,1,458.97063696,-0.4760658339401407,0.2229278926044175,0.0327189752810561,0.6212225833708417,POGK
Wald ratio,1,31.89312676,-2.619730460034706,1.2272021107058115,0.0327840501469478,0.0728224887534222,CTD-2639E6.4
Wald ratio,1,305.66228224,0.6267446462890089,0.293635043927885,0.0328072639522947,1.871508230737848,NDUFB9
Wald ratio,1,29.42520025,1.898974025255784,0.8906595630933726,0.0329987400726143,6.679038401102945,PLA2G2D
Wald ratio,1,84.24853368999999,-1.473724884787606,0.6912905095492827,0.0330195113758313,0.2290706323472443,ZNF428
IVW,3,35.28122404,-0.1863060098705401,0.0874682035322871,0.0331728061164033,0.8300195619369114,GGNBP2
Wald ratio,1,34.78286529000002,1.723156620377435,0.8090055784458346,0.0331741914119696,5.602184552748275,SLC2A4
Wald ratio,1,40.97792196000001,1.5874322179523228,0.7452898428468773,0.0331755069863179,4.891173322479391,CTD-2571L23.6
IVW,5,38.61006769,-0.2226786725208733,0.104555423438276,0.0331908686139101,0.8003719894929832,SMG5
IVW,2,23.507952249999995,-5.253196107470245,2.4675136808361584,0.0332589722523444,0.0052307735398646,APC2
Wald ratio,1,89.00035599999998,1.3131603773584908,0.6168471698113207,0.0332686476662593,3.717905147814186,SYT5
IVW,3,55.620272410000005,0.5106284620419249,0.2398640877225333,0.0332688122995243,1.6663380961850494,CYTH4
IVW,2,46.410156250000014,-0.5320965288144974,0.2500277057084744,0.0333246266815623,0.5873722350824022,HLTF
IVW,2,46.44831409000001,1.1416945764651227,0.5366070777927879,0.0333688151627109,3.1320714052040817,FADS3
IVW,2,32.43985936,-1.1576160742487147,0.5441734310981644,0.033395785156574,0.314234400157131,RP11-709D24.6
IVW,2,24.73172361,0.430427918249545,0.2023464894112008,0.033404919700448,1.5379154848636452,RP1-102H19.6
Wald ratio,1,115.98643809,1.1103377438554465,0.5220569746603898,0.0334324102922276,3.035383403424118,TBC1D13
IVW,3,37.47643524000001,-0.3339433727225764,0.157031411148668,0.0334531345682949,0.716094331551473,CAMSAP2
IVW,3,27.12118084,-0.3380585834296595,0.1591624150592269,0.0336713972123161,0.7131535076961258,SAR1A
IVW,3,24.02764324,0.6186587153063942,0.2915215800713834,0.0338233600916237,1.856436361517196,C1orf112
IVW,4,25.26871824,0.2336611945237943,0.1101596292328992,0.0339121621723181,1.2632164350519897,NBN
IVW,2,26.89874496,3.2665443772340006,1.540918595105206,0.0340171591689977,26.22057419540437,RAE1
IVW,6,29.68070400000001,-0.4259481410546767,0.2010369059259281,0.0341110970381033,0.6531502129235959,CITED4
IVW,3,29.053178010000003,-0.7109110218901968,0.3356165922607631,0.0341561264189593,0.4911965027956741,STARD5
Wald ratio,1,48.17886921000001,-1.6281136419299531,0.7686278543746669,0.0341574590761939,0.1962995162722015,SPATS2
Wald ratio,1,297.51075225,-1.2792140765863698,0.6039616314462127,0.0341717948070241,0.2782559023684124,BRD9
Wald ratio,1,521.3321892900001,0.4489505402339627,0.2119999824812659,0.0342012114632206,1.5666671682915736,DNAJC10
IVW,3,33.60636841,0.3121485844384303,0.1474043082023214,0.0342059558352392,1.3663576974386271,TGS1
IVW,7,23.677956,0.602972212410763,0.2848012708319707,0.0342455697117509,1.827542580823846,PAAF1
Wald ratio,1,56.08811664,1.392315467606687,0.6580832932756502,0.0343692127501236,4.024157079138174,C4orf36
Wald ratio,1,88.10262769,1.060949255830306,0.5015093061163611,0.034386282229625,2.889112194604682,RP11-464F9.1
IVW,5,22.96134724,-0.2231235256621746,0.1054712151320459,0.0343880248965025,0.8000160206820398,PPP1CB
Wald ratio,1,80.24218084000002,1.450424389917167,0.685859764674362,0.0344509554708409,4.264924121947058,KLC2
IVW,2,52.52335729,-1.0463153359448103,0.4949216438635118,0.0345064703521702,0.3512295305857266,WDR7
IVW,5,32.27035249000001,-0.2413873049039839,0.1141809932701322,0.0345087711468963,0.7855373250052035,C8orf40
Wald ratio,1,223.24842225000003,-0.7494691697620721,0.3546133119164742,0.0345594573596508,0.4726173657542716,RET
IVW,5,31.428357210000005,0.2454212201356207,0.1161235142451448,0.0345622857628282,1.278159586385499,SGTB
Wald ratio,1,52.63792704000001,-2.476891884441504,1.1719707244459143,0.0345629738563151,0.0840039141297649,PPARD
IVW,2,167.42548448999997,-0.6127718833812124,0.2899532889075826,0.034571087522681,0.5418468492770765,SLA
Wald ratio,1,77.63019664000001,-1.4155614246152448,0.6698697507604303,0.0345845898413046,0.2427892673073002,MITF
Wald ratio,1,649.5718768900001,-0.3867772446020865,0.1830319970808304,0.0345864447289308,0.6792423829831967,TBX6
IVW,2,29.75266116,1.4818291628699158,0.701488427207567,0.0346515430446126,4.400988447570434,FGF11
IVW,2,23.66238736,-0.4751110505323616,0.2251338345691388,0.0348282722850359,0.6218159996329018,SERPINC1
Wald ratio,1,42.690542440000016,-1.5732477884232758,0.7457839848174109,0.0348995415567894,0.2073705916791125,POU2F1
IVW,2,41.07143569000001,0.2880449664568285,0.1365832790482332,0.0349503766244152,1.333817279812057,RP5-874C20.3
Wald ratio,1,353.29713444,-0.542479437333078,0.2572496887668784,0.034964771253328,0.5813051543760934,SIGLEC18P
IVW,2,25.270729000000003,0.4407020351355816,0.2089954098431789,0.0349732065608678,1.5537976562520202,SLC35A1
IVW,5,28.41742864,0.25425932047847,0.1205878119600704,0.0349878208280372,1.2895061562672037,ZMIZ2
Wald ratio,1,72.04953924000002,-1.2301150067152045,0.5836115077401569,0.0350514556018974,0.292258964004558,TMEM221
Wald ratio,1,24.65718336,2.0993862574512647,0.9962493958434026,0.0350924611127594,8.161159524333604,PRR14L
Wald ratio,1,52.81800976000001,-3.1828435797237056,1.5106046562826791,0.0351176043071481,0.0414675709658969,FGFBP3
Wald ratio,1,32.069569,1.8268181176055092,0.867246300547413,0.0351645667311946,6.214082687977887,NBPF10
Wald ratio,1,111.19069809,-1.777636727455499,0.8439735791440248,0.0351808545687566,0.1690371564700288,MECR
IVW,2,38.14791696000001,-1.4960300599377974,0.7103257090965643,0.0351940671967776,0.2240177341523754,RP11-958N24.1
Wald ratio,1,78.32427000999999,-1.212226641506876,0.5756213602106192,0.0352091730066468,0.2975340396628932,ZNF497
IVW,2,51.631410250000016,0.5028951393737591,0.2388310081592245,0.0352345377975742,1.6535014648925983,CTD-2538C1.2
IVW,4,30.90915216,0.4717366969292377,0.22404639515058,0.0352450859726178,1.602775312501164,CD52
Wald ratio,1,342.53125776,-0.7946013637640752,0.3774685642654909,0.0352843821028745,0.4517612874516429,AKIRIN1
Wald ratio,1,196.77917284000003,-0.8834105561812973,0.4196979569141276,0.0353024353885234,0.413370680873415,MMP11
Wald ratio,1,76.53800195999999,1.1902374094140775,0.5655466474635942,0.035328000226515,3.287861684049177,PATZ1
Wald ratio,1,180.60940881,-0.7822153715650602,0.3719084908959678,0.0354441946040482,0.4573915957311193,ITIH3
IVW,3,23.52832036,-0.2100797142562722,0.0999995410709271,0.0356579307168487,0.8105196334251783,GPD2
Wald ratio,1,50.027329000000016,-2.319936688816626,1.104402799377916,0.0356738532819111,0.0982798076183199,CHD1
IVW,4,27.2484,0.2132499836107201,0.1015738014212213,0.0357764999896212,1.2376940157929908,COL5A3
IVW,2,25.42478929,0.9496316700714816,0.452571883285243,0.0358786354903664,2.5847574404379823,TMEM159
IVW,2,27.677068810000005,2.382829368833288,1.1357817982646885,0.0359083221937086,10.83551720855428,RP11-212I21.4
Wald ratio,1,55.63220569000002,-1.4509647793851477,0.6920180460401946,0.03601879112914,0.2343440886493026,CTD-2521M24.6
Wald ratio,1,65.67805764,4.145206682954517,1.977615976900866,0.0360766472778737,63.130668586539,C6orf203
IVW,2,44.57965824,1.2176242739037122,0.5809693640878105,0.0360955554947719,3.379150254534296,RP11-726G1.1
IVW,6,34.018056249999994,0.3174524091677121,0.1514955029942411,0.0361303302557871,1.3736238714064837,METTL21A
IVW,3,29.423030489999995,-1.1551276725521975,0.5512859990260082,0.0361414127684474,0.3150173152712416,MYO10
Wald ratio,1,234.6012988900001,0.7524339968792233,0.3591203196510997,0.0361519546283017,2.1221590640521133,STK38
Wald ratio,1,78.95388736,-1.1307455208427115,0.5399836814621409,0.0362567318122712,0.3227925181455527,CTU1
Wald ratio,1,117.22176361,1.0840393833876731,0.5177403134784656,0.0362787098874854,2.95659829671157,LRP8
Wald ratio,1,510.07770801,-0.4382019225234559,0.2093292421042377,0.0363168341646975,0.6451954902017225,G6PC3
IVW,2,31.28612356,-4.239655033023618,2.026402437189443,0.0364199289415885,0.0144125628438736,ARHGAP42
Wald ratio,1,47.43490129,1.5243083356322509,0.7286491368170401,0.0364416658631763,4.5919663711391525,LIMK2
IVW,2,29.403506250000003,-3.015565856308242,1.4416394401601118,0.0364598572930272,0.049018090442208,SGMS2
Wald ratio,1,206.96562769,0.7296684762586628,0.3488361010127691,0.0364633068133659,2.07439278320886,RP3-400N23.6
Wald ratio,1,157.42469961000003,1.369043285592457,0.6545152029584996,0.0364662035695839,3.931587489205248,GRIK1-AS1
IVW,5,46.263122890000005,-0.2054132729913799,0.098256526382966,0.0365655985859909,0.8143107142371261,FGD2
IVW,2,66.13430329,-0.3398260495683659,0.1625753744305753,0.0365937615008746,0.7118941462867441,BCAT2
IVW,2,33.30213264,-1.2571822091370266,0.60159734768265,0.0366411366637107,0.2844544313810701,GAMT
Wald ratio,1,103.55504644,-0.9588214657730784,0.4589094750496256,0.0366764335955098,0.3833444043591522,RP3-449O17.1
IVW,3,140.95388176000003,0.2371562016621124,0.1135874225398312,0.0368092216192794,1.267639109647437,RUNX2
Wald ratio,1,98.128836,-1.0449135473450433,0.500540096910963,0.0368364498225013,0.3517222253838997,CDIPT
IVW,3,29.810508010000003,0.4204602266901773,0.2014626412150284,0.0368846822555157,1.522662164154961,TESC
IVW,2,37.40790244,1.336828173173897,0.6409480564371417,0.0370054088115101,3.806949351146776,STAT1
IVW,2,31.04941284000001,-1.324833415501507,0.6352621472286533,0.0370247649960284,0.2658472414298378,MAPK1
IVW,2,34.35952689,-0.6141119759436718,0.2945075276025582,0.0370496466539833,0.5411212106644169,TNFAIP8
IVW,2,34.786404,-1.0827199621213346,0.5193050852324491,0.037074744099907,0.3386730937372285,PSD3
IVW,2,77.60905215999999,-0.46482780444185,0.2229613946167195,0.037088318548877,0.6282432765777215,TCEA3
IVW,9,26.99425936,-0.4415504558141505,0.211911825132038,0.0371918515668519,0.6430386447734692,ACCS
Wald ratio,1,36.276529,2.7113510874979245,1.3014953345508884,0.0372276764865879,15.049595104807365,RP11-229P13.2
IVW,3,26.78683536,0.7804739150084671,0.3747399253982134,0.0372778296761193,2.1825063429584355,ATP6V0A2
IVW,2,108.61391523999998,-0.3980517755246364,0.1912175584825553,0.0373726606484368,0.6716272529083975,WASF3
IVW,2,26.38363225,-1.1592045352684932,0.5568933983811479,0.0373830865647628,0.3137356472910225,ANKRD34A
Wald ratio,1,57.775201,1.314804341534009,0.6320018681752401,0.0374906494413727,3.7240222774784906,NUBPL
IVW,7,23.21890596,-0.1923941204200082,0.0924901639041854,0.0375110768045774,0.8249816622914484,SP140L
Wald ratio,1,182.17710729,0.8003781941573501,0.3849512272824936,0.0376019306583128,2.2263827742491062,MRPL33
IVW,2,143.27611204,0.3988040402585935,0.1918268203517935,0.0376192283991816,1.4900416018295914,MALT1
Wald ratio,1,116.93394495999998,1.5929597543833691,0.7671879670045129,0.0378605055619043,4.9182843206968085,PIGH
Wald ratio,1,105.94173184,1.5315820184983675,0.7376775998756413,0.0378734790001311,4.625488645656303,AC006942.4
Wald ratio,1,182.36071681,1.1158200102191187,0.5376195525803275,0.0379418327050893,3.052069881824196,MPP5
Wald ratio,1,40.99200625,3.65499820382663,1.762643436157751,0.0381174890342819,38.66745166165206,SNORA26
IVW,4,26.58742969,-0.6621377304475808,0.3193292747405089,0.0381233025509293,0.5157476257932475,PKD2
Wald ratio,1,83.94407641000001,-1.0642018532869102,0.5135929754095676,0.0382586854318569,0.3450031080030336,RP5-886K2.3
IVW,3,28.71780921,0.219952999271395,0.1061561253662954,0.0382676308998388,1.2460181654494584,RAPGEF2
IVW,6,22.67378689,-0.1469217967813203,0.0709307180854909,0.0383268188624346,0.8633614924239312,CLEC4F
IVW,2,45.66110329000001,-1.5783453036987487,0.7620122527627053,0.0383320777106406,0.2063162065755825,ABCF3
IVW,2,23.991383610000003,0.56037263132922,0.2708202092638961,0.0385302826800166,1.7513249772760475,LRRCC1
Wald ratio,1,70.35518884000001,-1.6551126636305111,0.800117194019886,0.0385847840368474,0.1910705277934361,SLC6A19
IVW,5,27.560400039999998,0.33895448156594,0.1639664175273532,0.0387135296087393,1.403479459571515,OSGIN1
Wald ratio,1,129.61594801,-0.916594699997365,0.4435404966227196,0.0387774085133649,0.3998784312281678,KLHL22
Wald ratio,1,22.16338084,-6.934165852415141,3.355571094778878,0.0387847167718575,0.0009739351356169,AC018738.2
IVW,2,28.664245210000004,-0.3260613260600266,0.1578244253071933,0.0388308348492916,0.7217609233207495,KCNAB2
IVW,2,31.76449600000001,-1.7339506208072029,0.8404024501295009,0.0390899818161813,0.1765854081457669,RP11-266L9.5
IVW,5,22.95176464,-0.2327114003342995,0.1128619705211371,0.039216157905993,0.7923822217731337,RP1-90J20.7
IVW,3,50.976744040000014,-0.2914084435460664,0.1413573287699989,0.0392551542737724,0.7472104224079068,FLJ00104
Wald ratio,1,32.77791504,1.6872504715992451,0.8186345979179765,0.0392978468079283,5.404600155636462,GNB2
Wald ratio,1,103.87890241,-0.9499835951374104,0.4610472620951522,0.039351654158221,0.3867473679398888,CENPW
IVW,3,51.50789361000001,-0.2322651523906879,0.112818784859802,0.0395186362796686,0.7927358996182906,PM20D1
Wald ratio,1,107.71533796,-1.2167015011658604,0.5912695353901296,0.0396114392461945,0.2962055911188084,CNIH2
IVW,4,32.563000960000004,-0.3634863446762981,0.1766477663032545,0.0396198996001568,0.6952482209908505,C9orf123
Wald ratio,1,37.428700410000005,2.1100152993674297,1.0256261135356903,0.0396578745140392,8.248367478466063,LY6G6C
IVW,3,36.568627840000005,-1.5940477461639393,0.7749005803615394,0.0396766372230192,0.2031018409538339,SYTL3
Wald ratio,1,26.061025000000004,-2.7586408619000977,1.3414854064642507,0.0397432388429015,0.0633778490979829,CA1
IVW,2,49.7025,0.3728734592979505,0.1814170789876334,0.0398463465242333,1.4519006036862734,BTBD10
IVW,2,36.024004,2.022097865111107,0.9838774533946132,0.0398564605246261,7.554155922369815,SAMD4A
IVW,2,110.44538649,-0.988415118403784,0.4809271713038313,0.0398569617821897,0.3721660630002623,ITPRIPL2
Wald ratio,1,340.26229444000006,0.5660301959211111,0.2754801422515206,0.0399075873300736,1.7612612926258455,TIMM10B
Wald ratio,1,118.17211849,0.8888668990957345,0.4327037265309502,0.0399547947900575,2.4323719663427013,CNR2
Wald ratio,1,104.837121,1.0772363902724875,0.5244871960152359,0.0399868224051831,2.93655284071402,AARS2
Wald ratio,1,108.68479504,-1.098326861834785,0.5347563787745079,0.0399870485139504,0.3334284891904797,C11orf83
IVW,2,30.639546090000003,-2.1326844557955305,1.0388964730975745,0.0400884507036043,0.1185187081960768,SLC24A1
IVW,2,165.89440000000002,1.079362356370286,0.5259000960926841,0.040129881479703,2.942802493418762,DCAF12
IVW,4,32.97630624999999,0.4386926074980813,0.2139162648842239,0.0402895558130536,1.5506785471599993,RP11-304F15.3
Wald ratio,1,35.73887524,-3.1227563480646348,1.523424174500686,0.0403812938827286,0.0440356234810104,TK1
Wald ratio,1,87.14969316,-1.162100477751355,0.5673962122672837,0.0405473884982245,0.3128284012019404,MFAP3
Wald ratio,1,38.85901569,2.881774227184497,1.407035789338595,0.0405485151498237,17.845907802565026,ANKAR
Wald ratio,1,156.02757921,0.812665882108061,0.3968622939532948,0.0405866955737894,2.2539086393211307,RP11-265O12.1
Wald ratio,1,446.48957809,0.4582419842595704,0.2237974945930725,0.0406017358624202,1.5812916044458631,TRAPPC13
IVW,5,23.31151524,-0.4623584961136193,0.2258217430441887,0.0406140220149597,0.6297965198617789,ACP2
IVW,2,32.11602241000001,1.1786307994256873,0.5757246208176597,0.0406371975163852,3.2499213609745485,TRAV6
IVW,2,50.509449,0.4272548880578729,0.2088650810301208,0.0407955159828457,1.533043366375219,GFM2
Wald ratio,1,32.74128400000001,-1.7268488640335546,0.844467214260748,0.040864968101137,0.1778439383624512,MS4A1
Wald ratio,1,347.38622689000005,0.7949446784309727,0.3896072495882135,0.0413130444745457,2.214318493842172,CR1L
Wald ratio,1,36.31629169,1.9633432786286773,0.9629125665831436,0.0414537014392548,7.123101814271663,THAP9
Wald ratio,1,42.34625476000001,2.942276485232197,1.4435878230937087,0.0415329974899185,18.95895700885346,RP11-401P9.5
IVW,3,28.44302224,0.5324888442775265,0.2612829944927191,0.0415521905991203,1.7031659528279548,MCOLN3
IVW,2,91.470096,0.3713199037443078,0.1822094543741831,0.0415625386213422,1.449646746639459,ZNF468
Wald ratio,1,600.1814019600001,-0.4824148318679434,0.2368835851844594,0.0416995757411864,0.6172909366915994,IGHV4-61
IVW,3,35.19099684,0.2718527496595099,0.1335300139754429,0.0417611543587512,1.3123937366577345,RP11-212I21.2
IVW,3,23.80756849,0.2938393720139743,0.1443402848193443,0.0417764140954639,1.341568392929835,CHGB
Wald ratio,1,77.16216964,-1.1181687575419503,0.5493294551581248,0.0417990054894819,0.3268778394515718,GEM
IVW,5,30.12472996000001,-0.2488689255616598,0.1222814041942879,0.0418292628903356,0.7796821630889358,SLC40A1
IVW,5,28.798248959999995,-0.4912905945186718,0.2413993202190697,0.0418329621930106,0.6118362519044097,CSTF2T
Wald ratio,1,89.48024836,-1.0280490728798868,0.5052039452819418,0.0418590306977479,0.3577041349776942,TSGA10IP
Wald ratio,1,31.16988900000001,1.942613505283897,0.9550658069138456,0.041950576301373,6.976961489346351,PP2D1
Wald ratio,1,33.97607521,-1.6664554890288048,0.8193392921477465,0.0419615186320601,0.1889154933530629,RP1-56K13.2
Wald ratio,1,29.59577604,-4.845119297084666,2.3823278923568987,0.0419742698393372,0.0078666789271438,MXD4
Wald ratio,1,158.41243044,0.8079213265322338,0.3976439274761246,0.0421768630838081,2.243240173097463,ZUFSP
IVW,3,36.94937796,-0.4232593353068105,0.2083618890658969,0.0422178427417216,0.6549087701201908,DBH-AS1
Wald ratio,1,43.869427560000005,-1.4422181658966695,0.7100032309689888,0.0422261987907113,0.2364027960501883,RP11-4M23.2
IVW,4,206.27853376,0.3281833682941732,0.1615724630724172,0.0422363538812098,1.388443545472863,NOP10
IVW,2,40.75673281000001,1.0054536768159392,0.4956771640945348,0.0425148900292355,2.733146957005627,DHRS4
Wald ratio,1,422.07648025,-1.0481158460901945,0.5167843948502032,0.0425450249394043,0.3505977072254227,CTC-510F12.2
Wald ratio,1,45.36022500000001,-2.231144766146993,1.101728819599109,0.0428539536101548,0.1074054056596991,TM9SF3
Wald ratio,1,319.086769,0.6953668700666181,0.3433726921569724,0.0428562504497012,2.004444309682361,YIF1A
Wald ratio,1,37.29911329000001,-1.5919681364923943,0.7863034073977043,0.0429060680909403,0.2035246529962157,CSNK1G2-AS1
IVW,3,24.75361009,-0.6327416130126127,0.3125855158235748,0.0429475995431454,0.5311336401645641,EPS15
Wald ratio,1,53.922586240000015,-1.9165833424120275,0.9468454897047608,0.0429518910988246,0.1471087246071369,AC025171.1
IVW,3,26.41446025,-0.602412848221263,0.2976409959841279,0.0429744826180231,0.5474890331757827,SVIP
Wald ratio,1,179.10736561000002,0.7198605106440211,0.355759263548804,0.0430269390095578,2.0541466590643456,SLMAP
Wald ratio,1,690.8223722500001,-0.3838836304145186,0.1897784008979017,0.0430938363227584,0.6812106947734654,ARL8B
Wald ratio,1,357.97775209,-0.5101312558468947,0.2523505124125939,0.0432261083690999,0.6004167654289843,TPM3
Wald ratio,1,57.60961800999999,-1.2655093872280998,0.6261835548938749,0.0432810177383204,0.2820955636586546,ZFP3
IVW,2,22.934521,0.2504772386653995,0.123972856865085,0.0433398412778003,1.2846383495099285,C6orf164
IVW,2,52.09086275999999,-0.2759883525792594,0.1366011508114085,0.0433423781722293,0.7588217690261808,GINS2
IVW,3,29.59577604,0.3426414274849812,0.1697236191586934,0.0435059372626025,1.408663563319981,APBB1IP
IVW,2,58.60514916,-0.5046342348773298,0.2500478936560432,0.0435756090618122,0.6037263570925238,TXNL1
IVW,2,31.454150559999995,-2.011801684963737,0.9973784097346404,0.0436861567021427,0.1337474866260208,FAM103A1
IVW,2,92.68105441,0.2935787407596257,0.1455668795776319,0.0437167776591629,1.3412187838382983,PIAS1
Wald ratio,1,30.66169129,7.325764181099092,3.6341278240297616,0.0438183227091881,1518.934196071914,C1S
Wald ratio,1,243.66585604,-0.9056906558700304,0.4494129969634461,0.043875871219998,0.4042625823375489,CREB1
Wald ratio,1,63.87366241000001,-1.285085121557538,0.6377028565708638,0.0438859435749754,0.2766270357056331,BPTF
Wald ratio,1,152.60649156000005,-1.030138941505982,0.5112136253986755,0.0438957368430164,0.3569573609302038,RP11-98D18.9
IVW,2,23.790006250000005,1.1504137976684952,0.5713717290305201,0.0440699977001908,3.159500032976088,ACTBP14
IVW,2,34.11260836,1.3387232501509494,0.6649530808253574,0.0440873140115281,3.8141706535157054,TIGD6
IVW,3,33.07745169,-0.7193917196793015,0.3573341225329866,0.0440916320900279,0.4870484278469608,ABHD3
Wald ratio,1,147.46216356000005,-0.8080623054498739,0.4015326679513151,0.0441730763313454,0.4457209009585525,S1PR1
IVW,2,26.90911876,0.3955177326330664,0.1966400790451391,0.0442854359593609,1.485152904033323,KCTD20
Wald ratio,1,23.505043240000003,-3.735679633678479,1.8574715977063647,0.0443081582269389,0.0238569515699597,GDPD1
IVW,2,149.99145840999998,-0.2689663449566412,0.1338082803154071,0.0444219341083935,0.7641689733553629,TAS2R20
Wald ratio,1,94.03180899999998,1.1576773435083016,0.5761531607713727,0.0445029737651601,3.1825327546459325,C1orf54
Wald ratio,1,120.56259601,1.107910219396909,0.5516409686614876,0.0446018619500352,3.02802387230623,EMC4
Wald ratio,1,49.37310756,-2.464418182335696,1.2272262260552755,0.0446304849048992,0.0850583164088522,GRK7
Wald ratio,1,65.19755025,-3.001188680413648,1.4949949842095485,0.0446974290047363,0.0497279226145056,C19orf38
Wald ratio,1,959.3762864400004,-0.7823740709890294,0.3897273502121147,0.0446974290047366,0.4573190137078634,TMED1
Wald ratio,1,36.914130490000005,2.371489573217901,1.1813619500633672,0.0447049639547314,10.713338706892465,MTFMT
Wald ratio,1,35.00852224000001,1.5984501081665765,0.7962828555976202,0.0447081705835004,4.9453617058174295,PIK3CB
IVW,6,69.239041,0.2145962592588091,0.1069253470314512,0.0447525631142462,1.2393614152440358,SLC39A11
Wald ratio,1,35.84776129,-2.110182820302975,1.0522076395036162,0.0449116102531637,0.121215803697587,SCN3A
Wald ratio,1,275.26791744,-0.8661836274651623,0.4319851608081392,0.0449498383681359,0.4205534792701838,PKD1P6
IVW,3,28.39291225,-0.3057990353377457,0.1525560046659819,0.0450161593576163,0.7365346220155118,UBAP2L
Wald ratio,1,37.428700410000005,-1.6988105395642297,0.8478065022311577,0.0450945389431307,0.1829009481599145,NWD1
Wald ratio,1,159.80752225,-1.019223367480125,0.5086563145196377,0.045096156780569,0.3608750987061512,NUDT4
IVW,2,68.64288201,0.7242344239075489,0.3615176439885585,0.0451432792941626,2.063150996121052,IMPAD1
Wald ratio,1,313.65472609,0.6191963320779433,0.3091348311434589,0.0451775435761654,1.857434681173111,ACSL6
IVW,2,30.18293721,0.4714446348823292,0.2354486452351569,0.0452498225717581,1.602307271014565,ANGPTL6
Wald ratio,1,893.43601216,-0.3305259146749458,0.1650816248695233,0.0452635608554956,0.7185457402951286,SLC39A1
Wald ratio,1,89.13625744000001,-1.745648858195992,0.8721588992924628,0.0453357168158374,0.1745317058906315,KCTD5
IVW,3,24.536171560000003,-0.725277576086516,0.3623856632892775,0.0453496246970399,0.4841901506934189,HDDC3
IVW,2,44.78821776,-1.0372761449258026,0.518412582560714,0.0454064094495416,0.3544187536874992,SAMD4B
IVW,2,72.62618841,1.8424299150808952,0.9212520922432906,0.0455089698744723,6.311856918285304,CDK11A
Wald ratio,1,27.08890209,-1.9086940649797297,0.9552430687647704,0.0457032225358207,0.1482738962861715,PRKAG2-AS1
IVW,7,22.43632689,0.1597921917456764,0.079978309653629,0.0457227210415245,1.17326703108313,RCBTB1
IVW,3,26.99218116,-0.2299114120124818,0.1152031094125411,0.0459660514661248,0.7946039917539703,MPC1
Wald ratio,1,1273.66903225,-0.323846432324138,0.1623020244616613,0.0460066757937922,0.7233613187672844,THAP9-AS1
IVW,3,34.38415044000001,0.5783852680442877,0.2899481081258776,0.0460659083621159,1.783156784591004,CHST2
Wald ratio,1,754.381156,-0.525033248379815,0.2632547804558363,0.0461092236926492,0.5915356964363442,FOXQ1
IVW,4,23.34532489,0.443613295785711,0.2224420030680118,0.046120649610615,1.558327757179667,GIMAP4
Wald ratio,1,62.362609000000006,1.2064960364695454,0.605274382676966,0.0462281346102353,3.341754727243228,HIC1
Wald ratio,1,980.503969,-0.3562688787404592,0.1787929933254559,0.0463016120627082,0.7002843033577343,WNT5B
Wald ratio,1,150.28308100000004,0.9128108328574924,0.4582378334285015,0.046370802004138,2.4913153720365147,FOXD2-AS1
Wald ratio,1,203.15656089000004,1.003952319813657,0.5040217493492735,0.0463839041021116,2.72904660649864,FAM86JP
Wald ratio,1,85.33879641,1.2170414488141243,0.6110236958616135,0.0463922066226114,3.3771813747964545,SLCO4A1
Wald ratio,1,82.65537225,1.458529043612165,0.7323579607325524,0.0464202220693161,4.299630305817599,AC015849.16
Wald ratio,1,57.42153729000002,-1.226883856579173,0.6166236456972432,0.0466261755562285,0.2932048238805672,RP11-379F4.4
IVW,3,22.51882116,0.8725824176266272,0.4387312479293832,0.0467147987770966,2.3930828200531744,PLBD2
Wald ratio,1,41.79493201,-5.25974044455444,2.6452778542591533,0.0467729016488824,0.0051966533633527,LACE1
IVW,2,23.214087610000004,2.326049727931732,1.1698790748518306,0.0467804894899299,10.237420954034334,ATM
IVW,4,25.27676176,0.3076910888231419,0.1547821165288869,0.0468229513165039,1.3602807181098255,ATF7IP2
Wald ratio,1,101.06683024,-0.9608214498866032,0.4833366092388493,0.0468235279049211,0.3825784878061958,RP1-178F10.1
IVW,2,29.94497284,-0.403585953981315,0.2030916127990487,0.0468989828241301,0.6679206138956243,HOXA1
Wald ratio,1,42.57562500000002,-2.572172291187739,1.294396904214559,0.0469047939975879,0.0763694683821931,F7
Wald ratio,1,66.80283288999999,1.1340642580108404,0.5710817907087713,0.0470535833111567,3.108263648852821,CTD-2207P18.2
Wald ratio,1,61.737163290000005,1.6064266096496251,0.8090682549985364,0.0470859043127527,4.984966133200622,BSN
IVW,2,81.71979200999999,1.2046632558518555,0.6070079358170372,0.0471898533219905,3.335635633141477,NR2C2
Wald ratio,1,39.899435560000015,5.375393724472026,2.7095079631447296,0.0472669528691438,216.02490986241307,SLU7
IVW,2,56.786774490000006,0.3693294781618668,0.1862210384491228,0.0473355524383327,1.446764202366048,GSTM5
Wald ratio,1,100.30823716,-1.1681221119476008,0.5890169538910078,0.0473481859619586,0.3109503232279161,FBXW4P1
IVW,2,26.65037376,0.5307494064063802,0.2676629750523145,0.0473783948263275,1.7002059765624855,TAS2R60
Wald ratio,1,136.01157376,0.7958335677047607,0.4013959219371655,0.0474048832540663,2.2162876528526034,TDRD12
Wald ratio,1,84.40096899999999,-1.150896810710787,0.5806225536083597,0.0474594070984795,0.3163529334254301,GOLGA5P1
IVW,2,33.384128409999995,0.8334156378465944,0.4205218941535212,0.0474948808300701,2.3011652793872077,RP11-80H8.4
Wald ratio,1,68.34824929000001,-2.4458986609896822,1.234283042831396,0.0475200903034671,0.086648232516669,IL23A
Wald ratio,1,39.67992064000001,1.495830708661417,0.7548525844551688,0.0475218270413861,4.463042501415121,L3MBTL1
IVW,4,49.79419225,-0.2920404467293579,0.1473885291412518,0.0475427731204389,0.7467383322393149,SLC11A1
Wald ratio,1,373.20830596,-1.046581325768948,0.5282072096321679,0.0475482241529838,0.3511361195284003,CNPY2
Wald ratio,1,177.54496516,0.7542296804406887,0.3807337255902616,0.0475924016995938,2.1259732136762497,CD200
IVW,4,32.22378756,-0.782292883317384,0.3949586370299036,0.0476254066472736,0.4573561438810213,LINC00085
Wald ratio,1,115.84001641,1.003264157429689,0.5066291241208225,0.0476728206507404,2.727169225325593,CTD-2284J15.1
IVW,4,25.48836196000001,0.2110104649684438,0.1065643187416218,0.0476897025147147,1.2349252784478424,TREM1
IVW,2,87.79315204,0.4228440841042796,0.2136293273308753,0.0477782596053601,1.526296303558235,PPM1N
IVW,2,27.37487041,-0.4362429502067024,0.2204837545407149,0.0478642315963506,0.6464606491069628,RP13-270P17.2
IVW,3,23.913078010000003,0.328353442487746,0.1660003397704875,0.0479254648275051,1.3886797039708445,DOCK7
Wald ratio,1,90.53141904,-0.975943162231471,0.4935427334258209,0.0479937425390784,0.3768367676952162,TAF10
Wald ratio,1,96.52276516,-1.1612848563809213,0.5873387618834354,0.0480192861023061,0.3130836548122387,RP11-817O13.6
IVW,3,30.82248324,-1.2900345376972977,0.6525999040889914,0.0480685655777992,0.2752612760349479,GPR55
IVW,2,78.35436324000001,2.5776591517578598,1.3040417333702714,0.0480790325755724,13.166281791124025,TUSC3
Wald ratio,1,22.30389529,4.054911385436298,2.051641560971478,0.0481068988434225,57.68005147709293,PPP1R9B
IVW,2,48.583688040000006,-0.4892996305682366,0.247598336238053,0.0481340510742698,0.6130556092710125,BMP2
IVW,2,107.11629009,-0.2569830576420371,0.1300817804231104,0.0482057695515483,0.7733813165575596,SLC46A3
IVW,3,22.348310760000004,-1.5375939925097166,0.7784850904237706,0.0482556217221781,0.2148975249731207,KRT17P1
IVW,5,21.99703801,-0.1920079527197582,0.0972424098203919,0.0483216297071626,0.8253003050835412,SUCLG2
Wald ratio,1,74.41995288999999,1.0780134929926857,0.5459613061773332,0.0483222347364717,2.938835730819715,RP11-373N22.3
IVW,3,28.266235560000013,-2.0089953910342726,1.0183782181739582,0.048525198353051,0.1341233485286402,USP32P1
Wald ratio,1,28.75426129,-1.8231033325252224,0.92427021986834,0.0485549841695409,0.1615237105531208,CCDC90A
Wald ratio,1,122.30811649,0.8350740281934661,0.4235026448328556,0.0486293378157842,2.3049846758228285,CTD-2323K18.1
IVW,2,70.59528441000002,0.2915495485396474,0.1478584796417137,0.0486307444147458,1.3384999525654042,TCL1B
IVW,5,28.27474276,0.4738835885755432,0.2403680652321397,0.0486676885356771,1.6062199937861292,SH3BP1
IVW,4,55.45185156,0.2993779374278555,0.1518710697384297,0.0486937131707205,1.3490193720519104,SMIM1
IVW,4,21.92674276,0.33647821963816,0.170741429338736,0.0487594843164966,1.4000083762487834,PPM1H
Wald ratio,1,233.43867369000003,-0.9461737975089504,0.4801515835771368,0.0487727253119774,0.3882236074463849,EIF3EP1
IVW,3,23.55257961000001,-0.2920483894908148,0.1482160973906379,0.0487899254851531,0.746732401098426,CNPY4
Wald ratio,1,53.73183203999999,1.319946904586505,0.6698955280892746,0.0487951515707769,3.743222624031441,IGLV5-48
IVW,2,27.96823225,-1.8638579670520357,0.94653659027614,0.0489376344794383,0.1550732075094326,RP11-517A5.7
Wald ratio,1,262.30069848999995,-0.5715844576029441,0.2903049574887161,0.0489633780534171,0.5646300971212301,MAP3K12
IVW,2,58.54086144,-0.6450557949330018,0.327698562568801,0.0490171398882433,0.5246332694118491,DBH
Wald ratio,1,23.57782249,-2.291946578248244,1.1647843153407338,0.0491025183017228,0.1010695304952953,AKAP8L
Wald ratio,1,45.46939761,4.962676217170144,2.522417671397428,0.0491338404326269,142.97591895600232,AMN1
Wald ratio,1,35.49061476000001,-2.132668513109746,1.0848785376170813,0.0493201963551206,0.1185205977176631,RP11-553L6.5
Wald ratio,1,24.16115716,2.109611791512389,1.073446392969036,0.0493830175553882,8.245039868800713,NAA50
Wald ratio,1,595.2721632400002,-0.4125855595904615,0.2102510185177594,0.0497220411093199,0.6619365592470096,TP73-AS1
Wald ratio,1,31.49117689,-1.639593884206212,0.8356328741736015,0.0497510349393315,0.1940588366484794,DEPDC1B
IVW,2,57.90753409,-0.6267780641107104,0.3194608926215351,0.0497640175504496,0.5343105449995419,EIF2C2
IVW,3,28.509192360000004,0.9158006370786108,0.4668465005857996,0.0498004520153634,2.498775063203232,DCP1A
Wald ratio,1,23.39850384,-21.59374183411891,11.008460266269742,0.0498138758425572,4.1875217694887324e-10,DNAJA1
IVW,2,29.135165290000003,1.397019889441404,0.7127072138297967,0.049977138493354,4.043133011966694,TBP
