rsid,pval_eqtl,chrom,pos,pval_gwas
rs13220304,1.02876e-05,6,109331033,0.0278798
rs12524502,9.54298e-06,6,109333018,0.00515122
rs12528712,1.46243e-06,6,109339681,0.0026336
rs12528822,2.87403e-07,6,109340338,0.00506081
rs10457190,1.57992e-06,6,109343926,0.00487787
rs9487064,3.97885e-08,6,109346560,0.00450557
rs2275650,2.87403e-07,6,109347085,0.00487181
rs3818934,2.87403e-07,6,109347277,0.00711771
rs9487066,3.97885e-08,6,109347707,0.00483348
rs9487067,4.65539e-05,6,109350107,0.958825
rs9487068,4.23487e-06,6,109350642,0.00511329
rs13203252,6.07057e-07,6,109351533,0.00241618
rs34292461,3.05512e-06,6,109352277,0.0102806
rs1040284,2.87403e-07,6,109352730,0.00461158
rs11153174,2.87403e-07,6,109352852,0.00460352
rs28575685,2.20855e-05,6,109353145,0.927087
rs28571794,3.92567e-05,6,109353325,0.957618
rs34202013,2.87403e-07,6,109353355,0.0046032
rs11967108,2.87403e-07,6,109354040,0.00460235
rs73762704,3.92567e-05,6,109356877,0.913943
rs4946967,5.25378e-08,6,109357369,0.000827237
rs6936036,4.65539e-05,6,109357496,0.913996
rs12206928,3.81499e-07,6,109357908,0.980691
rs12206928,3.81499e-07,6,109357908,0.00463383
rs9487069,5.25378e-08,6,109358652,0.00088689
rs67857472,7.49248e-07,6,109359125,0.0024068
rs1590306,3.81499e-07,6,109359747,0.00462967
rs11757877,7.49248e-07,6,109360679,0.0024053
rs11153175,3.81499e-07,6,109361318,0.0046253
rs73762708,4.65539e-05,6,109361508,0.91406
rs9487072,4.65539e-05,6,109362108,0.914062
"rs35256738,rs397769088",3.81499e-07,6,109364245,0.00451305
"rs139196314,rs61272381",4.65539e-05,6,109364839,0.914064
rs61233650,7.49248e-07,6,109365409,0.0024068
rs73762709,3.92567e-05,6,109366326,0.914064
rs111388243,3.92567e-05,6,109366734,0.914064
rs7372,3.81499e-07,6,109366911,0.0046237
rs699700,5.25378e-08,6,109367528,0.000884504
rs9487075,4.65539e-05,6,109368699,0.913995
rs11251,8.23298e-08,6,109368704,0.000890041
rs67591932,3.81499e-07,6,109369545,0.00464152
rs1322818,3.05512e-06,6,109369898,0.00742643
rs11153176,6.58429e-07,6,109371281,0.00464152
rs12193493,6.58429e-07,6,109371573,0.00464697
rs3799835,1.46243e-06,6,109372084,0.00241796
"rs67494326,rs3839563",6.58429e-07,6,109373000,0.0046505
rs11753645,7.49248e-07,6,109373851,0.00218097
rs3778474,8.23298e-08,6,109374782,0.000934867
rs3778475,6.58429e-07,6,109375003,0.00460384
rs34131679,1.46243e-06,6,109375848,0.00234288
rs35452836,1.24445e-05,6,109378243,0.00151988
rs1358998,6.58429e-07,6,109380015,0.00477738
"rs868138586,rs145913894",3.92567e-05,6,109380090,0.913882
rs73762713,3.92567e-05,6,109380276,0.913955
rs1358997,6.58429e-07,6,109380457,0.00477562
rs3799839,6.58429e-07,6,109380990,0.00470858
rs3799840,1.57797e-06,6,109381443,0.00308461
rs73762715,3.92567e-05,6,109381573,0.913851
rs35157356,3.81499e-07,6,109381925,0.00504092
rs2275652,1.57797e-06,6,109382480,0.00278798
rs1322816,3.81499e-07,6,109382524,0.00465361
rs3757234,6.58429e-07,6,109385087,0.00504046
rs1923725,6.58429e-07,6,109387685,0.00506058
rs13199519,1.57797e-06,6,109387972,0.00272032
rs12524639,6.58429e-07,6,109388256,0.00448043
rs13219952,2.8189e-08,6,109391084,0.000807718
rs113844482,3.92567e-05,6,109391149,0.911938
rs12524273,6.58429e-07,6,109395761,0.00408545
"rs140963864,rs371595590",6.58429e-07,6,109397208,0.00362869
rs6929023,3.81499e-07,6,109399147,0.00369199
rs6929208,1.57797e-06,6,109399202,0.00222526
rs6914216,1.81962e-08,6,109401914,0.000720576
rs13192476,1.57797e-06,6,109403951,0.00212354
rs7754650,1.81962e-08,6,109405536,0.000643147
rs57919077,3.00558e-05,6,109405823,0.977142
rs7773095,3.81499e-07,6,109405874,0.00353875
rs9480948,3.87047e-07,6,109407148,0.00354071
rs9480949,1.67904e-08,6,109407238,0.000620855
rs6907946,3.92567e-05,6,109407722,0.908343
rs9487091,4.65539e-05,6,109408939,0.908226
rs4428538,6.23497e-06,6,109409645,0.00639219
rs36099706,3.19424e-07,6,109413713,0.00352168
rs12197114,3.81499e-07,6,109414295,0.00352582
rs13195517,2.98794e-06,6,109415050,0.00225211
rs12528566,1.57797e-06,6,109416945,0.00217495
rs17534632,5.32643e-06,6,109418898,0.0406546
"rs141451308,rs748487132,rs375401076",1.4256e-05,6,109421582,0.908353
rs11153180,3.81499e-07,6,109423238,0.00358517
rs75126488,4.37134e-05,6,109423297,0.907766
rs78808549,4.37134e-05,6,109423347,0.907757
rs7748669,4.62433e-08,6,109424139,0.000628174
rs10782161,3.81499e-07,6,109424711,0.00340534
rs61318425,2.98794e-06,6,109427303,0.00211909
rs11153181,3.81499e-07,6,109428824,0.00340934
rs9487100,1.79137e-07,6,109429207,0.00340589
rs9480957,1.79137e-07,6,109430398,0.00348546
rs57767615,4.37134e-05,6,109432501,0.906018
rs12213313,3.22411e-07,6,109436690,0.00340659
rs59906308,6.58429e-07,6,109438349,0.00340659
rs60129681,1.4256e-05,6,109438796,0.90626
rs1048203,6.58429e-07,6,109441033,0.00341972
rs35969918,1.57797e-06,6,109441837,0.00212075
rs2236582,6.58429e-07,6,109444615,0.00340942
rs61303854,1.4256e-05,6,109444667,0.906941
rs59056467,4.23376e-07,6,109446728,0.00264643
rs73762724,4.37134e-05,6,109447658,0.908046
rs72092669,9.33172e-07,6,109448021,0.00156534
rs752262,6.22842e-07,6,109449796,0.00382437
rs1546980,6.22842e-07,6,109452743,0.00367502
rs3778477,1.28932e-06,6,109454855,0.00366564
rs71558370,7.36863e-06,6,109455700,0.00789532
rs60085238,4.37134e-05,6,109457554,0.908008
rs61141882,4.37134e-05,6,109457563,0.908008
rs73762754,4.37134e-05,6,109459810,0.908008
"rs113856294,rs367965870",4.37134e-05,6,109462022,0.908008
rs73762755,4.37134e-05,6,109462433,0.908008
rs28655743,4.37134e-05,6,109462754,0.908008
rs12209691,1.21181e-06,6,109465229,0.00215125
rs2232448,4.37134e-05,6,109466393,0.981448
rs3807005,8.38023e-07,6,109469907,0.00216162
rs6911838,5.30446e-06,6,109478720,0.00117972
rs12190920,8.38023e-07,6,109479396,0.00257715
rs34533653,7.36863e-06,6,109479488,0.0063231
rs12190996,8.38023e-07,6,109479671,0.00258643
rs12192847,1.68974e-06,6,109480428,0.00259567
rs68042406,1.68974e-06,6,109482392,0.0021712
"rs67142735,rs398002583",8.38023e-07,6,109483937,0.00202661
rs10782162,1.68974e-06,6,109485060,0.00199549
rs10872034,3.65477e-07,6,109486036,0.00202698
rs35712340,4.62873e-06,6,109489419,0.00154365
rs1998811,9.33077e-07,6,109490935,0.000837028
rs7755941,8.24981e-08,6,109494148,0.000841763
rs7773950,4.56363e-08,6,109494237,0.000839808
rs35011027,4.56363e-08,6,109494822,0.000839808
rs1406899,8.24981e-08,6,109495102,0.000839808
rs11153183,4.56363e-08,6,109496073,0.000840311
rs11754455,8.24981e-08,6,109496680,0.000838533
rs2024849,8.24981e-08,6,109497088,0.000841066
rs2024850,8.24981e-08,6,109497253,0.000802269
rs2024852,4.56363e-08,6,109498586,0.000841066
rs2024853,8.24981e-08,6,109498751,0.000841066
rs13203587,4.56363e-08,6,109499759,0.000841143
rs12197180,8.24981e-08,6,109500687,0.000841046
rs66970728,4.56363e-08,6,109500997,0.000841046
rs12212476,1.34947e-07,6,109501402,0.000841046
rs12198938,1.34947e-07,6,109501429,0.000841046
rs12199154,8.24981e-08,6,109501793,0.000841046
rs13220915,4.56363e-08,6,109503623,0.000841628
rs2277114,8.24981e-08,6,109506513,0.000835892
rs10457192,4.56363e-08,6,109507271,0.000841046
rs10457193,8.24981e-08,6,109507364,0.000841046
rs10457194,8.24981e-08,6,109507366,0.000839421
rs1476388,4.56363e-08,6,109518783,0.000843723
"rs67216204,rs35068362",4.56363e-08,6,109523243,0.000834853
rs34928881,4.56363e-08,6,109526846,0.000752783
rs6916579,8.38023e-07,6,109530435,0.0018362
rs749517,4.56363e-08,6,109531713,0.000764733
rs10782163,4.56363e-08,6,109533040,0.000768635
rs144710457,3.49276e-06,6,109537402,0.00150956
rs13201947,4.56363e-08,6,109540084,0.000802509
rs13201951,4.56363e-08,6,109540091,0.000802509
rs12194061,4.56363e-08,6,109546439,0.000802472
rs11968891,7.36863e-06,6,109548647,0.0071682
rs2357124,4.56363e-08,6,109551060,0.000818427
rs11153188,4.56363e-08,6,109558247,0.000823304
rs10499052,7.2321e-06,6,109564272,0.00114167
rs11752791,4.56363e-08,6,109564443,0.000802361
"rs143388371,rs367615932",8.38023e-07,6,109564576,0.00192128
rs4945833,4.56363e-08,6,109568962,0.000802361
rs12194326,1.22923e-06,6,109569628,0.0015775
rs13191066,4.56363e-08,6,109570395,0.000802398
rs4490694,4.56363e-08,6,109571489,0.000825144
rs13214717,3.49276e-06,6,109573151,0.00134181
rs2208209,8.38023e-07,6,109581800,0.00192327
rs12208933,1.68974e-06,6,109582583,0.00192159
rs11754340,4.56363e-08,6,109584789,0.000802158
"rs71770197,rs141134529,rs568921203",3.70963e-07,6,109585126,0.000821278
rs11755641,4.56363e-08,6,109586733,0.00077236
rs13199135,4.56363e-08,6,109588639,0.000802029
rs12193719,4.56363e-08,6,109589051,0.000802029
rs1960325,4.56363e-08,6,109592105,0.000802029
rs2148089,8.38023e-07,6,109592608,0.00192137
rs12208018,4.56363e-08,6,109598331,0.000779633
rs199556160,8.38023e-07,6,109598966,0.00191355
rs80175967,6.75303e-07,6,109599289,0.00211004
rs12205485,4.56363e-08,6,109602155,0.000802823
rs28823411,1.24009e-05,6,109602505,0.00141007
rs12528781,4.56363e-08,6,109608105,0.000802528
rs6914498,7.59149e-07,6,109613205,0.00192234
rs13204102,8.38023e-07,6,109617741,0.00195704
"rs78056477,rs55653762",8.38023e-07,6,109617849,0.00193299
rs13204787,7.2321e-06,6,109618283,0.00122752
rs1980591,4.56363e-08,6,109618620,0.000789314
rs10499053,8.38023e-07,6,109619295,0.00188604
rs12529505,7.36863e-06,6,109625358,0.00687797
rs11758651,4.56363e-08,6,109629653,0.000735868
rs12192776,4.56363e-08,6,109634150,0.000798914
rs13201430,3.65014e-08,6,109634847,0.000309457
rs729888,4.56363e-08,6,109636120,0.000796196
rs12194157,4.56363e-08,6,109640141,0.000783845
rs13204500,4.09708e-07,6,109640682,0.00191439
rs12197950,4.56363e-08,6,109642186,0.000783845
rs13191995,7.36863e-06,6,109645257,0.0068533
rs12205140,4.56363e-08,6,109645617,0.000783845
rs13195462,7.2321e-06,6,109645690,0.00122414
rs7767525,4.56363e-08,6,109646187,0.000771454
rs36131450,4.56363e-08,6,109647350,0.000783845
rs13199088,7.36863e-06,6,109652205,0.00716935
rs13199109,4.56363e-08,6,109652302,0.000822697
rs71541003,4.56363e-08,6,109652694,0.000822697
rs1321328,1.68974e-06,6,109655182,0.00201178
rs3899233,4.56363e-08,6,109655791,0.000778234
rs971434,8.38023e-07,6,109656105,0.00193513
"rs140052620,rs752352826,rs373584609",4.56363e-08,6,109665466,0.000875427
rs34393084,4.56363e-08,6,109671737,0.000856801
rs12197838,4.56363e-08,6,109672088,0.000790824
rs6911700,4.56363e-08,6,109676091,0.000797315
rs7341297,4.56363e-08,6,109679479,0.000797315
rs10457203,4.56363e-08,6,109683097,0.000797884
rs12210706,4.56363e-08,6,109684271,0.000797884
rs12192268,4.56363e-08,6,109690255,0.00076129
"rs562052199,rs71018364",1.41253e-05,6,109693998,0.00190033
rs11153214,1.95561e-06,6,109694120,0.00268961
rs12201356,1.50358e-07,6,109694672,0.00111939
rs3799845,1.50358e-07,6,109706514,0.00112088
rs2025148,1.50358e-07,6,109706740,0.00111975
rs13207864,3.6269e-06,6,109708527,0.00209706
rs13211604,6.97387e-06,6,109712525,0.00218882
rs13212535,3.6269e-06,6,109713188,0.00159386
rs12204548,1.50358e-07,6,109715504,0.00150827
rs3799849,4.13012e-07,6,109715560,0.00167021
"rs34607555,rs398085217,rs397774540",1.50404e-07,6,109722735,0.00541677
rs148862144,1.50404e-07,6,109726125,0.00532096
rs2357225,1.50404e-07,6,109726127,0.00532108
rs12215077,1.50404e-07,6,109731677,0.00542575
rs12661287,2.94104e-06,6,109732047,0.00675585
rs11153215,1.50404e-07,6,109732518,0.00542825
rs11964533,2.94104e-06,6,109737797,0.00754762
rs2273752,1.50404e-07,6,109738307,0.00542026
rs12201444,1.50404e-07,6,109738751,0.00542026
rs4141930,1.50404e-07,6,109739615,0.00535291
rs4947016,1.50404e-07,6,109740895,0.00543275
rs13203636,5.12294e-06,6,109741085,0.00520164
rs1322124,1.50404e-07,6,109741670,0.00543538
rs13198852,2.08695e-05,6,109747119,0.00883466
rs12528392,2.08695e-05,6,109747411,0.0089555
rs11153216,2.08695e-05,6,109748819,0.00896004
rs7451512,2.08695e-05,6,109755820,0.00896788
rs12203993,2.08695e-05,6,109757908,0.00899394
rs12190372,2.08695e-05,6,109763331,0.00896912
